-2.50E-02,-2.05E-01,-1.12E-01,4.98E-02
-2.50E-02,-1.24E-01,-1.12E-01,1.30E-01
-2.50E-02,-1.65E-01,-1.52E-01,9.65E-03
-2.49E-02,-1.24E-01,-1.32E-01,4.98E-02
-2.49E-02,-1.24E-01,-1.12E-01,4.98E-02
-2.49E-02,-1.65E-01,-1.52E-01,2.97E-02
-2.49E-02,-8.42E-02,-3.18E-02,4.98E-02
-2.48E-02,-1.04E-01,-1.32E-01,1.30E-01
-2.48E-02,-1.24E-01,-3.18E-02,4.98E-02
-2.48E-02,-2.05E-01,-5.19E-02,1.10E-01
-2.48E-02,-1.65E-01,-1.12E-01,4.98E-02
-2.47E-02,-1.24E-01,-1.32E-01,2.97E-02
-2.47E-02,-2.05E-01,4.86E-02,1.30E-01
-2.47E-02,-1.85E-01,-1.12E-01,1.91E-01
-2.47E-02,-8.42E-02,-1.12E-01,4.98E-02
-2.46E-02,-1.04E-01,-1.12E-01,6.99E-02
-2.46E-02,-4.40E-02,-1.93E-01,1.30E-01
-2.46E-02,-1.45E-01,-1.32E-01,6.99E-02
-2.46E-02,-8.42E-02,-1.52E-01,9.01E-02
-2.45E-02,-6.41E-02,-5.19E-02,-1.05E-02
-2.45E-02,-1.24E-01,-1.12E-01,2.11E-01
-2.45E-02,-1.24E-01,-1.72E-01,1.30E-01
-2.45E-02,-1.24E-01,-1.93E-01,4.98E-02
-2.44E-02,-1.45E-01,-1.12E-01,4.98E-02
-2.44E-02,-2.05E-01,-1.93E-01,4.98E-02
-2.44E-02,-1.24E-01,-1.72E-01,-3.06E-02
-2.44E-02,-2.05E-01,-1.52E-01,9.65E-03
-2.43E-02,-1.85E-01,-1.12E-01,1.50E-01
-2.43E-02,-1.24E-01,-3.18E-02,4.98E-02
-2.43E-02,-2.05E-01,-1.32E-01,4.98E-02
-2.43E-02,-8.42E-02,-1.12E-01,4.98E-02
-2.42E-02,-1.85E-01,-5.19E-02,2.97E-02
-2.42E-02,-1.24E-01,-1.12E-01,4.98E-02
-2.42E-02,-1.24E-01,-1.72E-01,4.98E-02
-2.42E-02,-1.65E-01,-1.12E-01,4.98E-02
-2.41E-02,-1.24E-01,-1.32E-01,1.10E-01
-2.41E-02,-4.40E-02,-1.93E-01,1.30E-01
-2.41E-02,-6.41E-02,-1.32E-01,1.10E-01
-2.41E-02,-1.24E-01,-1.93E-01,4.98E-02
-2.40E-02,1.63E-02,-1.12E-01,4.98E-02
-2.40E-02,-1.24E-01,-1.12E-01,4.98E-02
-2.40E-02,-1.24E-01,-1.12E-01,6.99E-02
-2.40E-02,-1.24E-01,8.44E-03,1.70E-01
-2.39E-02,-1.24E-01,-1.93E-01,6.99E-02
-2.39E-02,-1.24E-01,4.86E-02,4.98E-02
-2.39E-02,-1.85E-01,-9.21E-02,4.98E-02
-2.39E-02,-1.65E-01,-1.12E-01,4.98E-02
-2.38E-02,-1.04E-01,-1.93E-01,1.10E-01
-2.38E-02,-1.24E-01,-1.12E-01,4.98E-02
-2.38E-02,-6.41E-02,-1.12E-01,4.98E-02
-2.38E-02,-8.42E-02,-1.52E-01,9.01E-02
-2.37E-02,-6.41E-02,-1.12E-01,4.98E-02
-2.37E-02,-4.40E-02,-3.18E-02,4.98E-02
-2.37E-02,-2.05E-01,-3.18E-02,1.10E-01
-2.37E-02,-8.42E-02,-1.52E-01,1.30E-01
-2.36E-02,-8.42E-02,-1.12E-01,4.98E-02
-2.36E-02,-4.40E-02,4.86E-02,4.98E-02
-2.36E-02,-1.85E-01,-9.21E-02,1.10E-01
-2.36E-02,-1.65E-01,-7.20E-02,4.98E-02
-2.35E-02,-1.04E-01,-1.12E-01,-1.05E-02
-2.35E-02,-4.40E-02,-1.12E-01,4.98E-02
-2.35E-02,-1.24E-01,-9.21E-02,-1.05E-02
-2.35E-02,-1.24E-01,-3.18E-02,4.98E-02
-2.34E-02,-1.04E-01,-9.21E-02,1.30E-01
-2.34E-02,-1.24E-01,-3.18E-02,1.30E-01
-2.34E-02,-1.24E-01,-1.32E-01,1.30E-01
-2.34E-02,-1.24E-01,-7.20E-02,4.98E-02
-2.33E-02,-1.45E-01,-1.93E-01,1.30E-01
-2.33E-02,-1.24E-01,-1.12E-01,-3.06E-02
-2.33E-02,-1.24E-01,-1.12E-01,4.98E-02
-2.33E-02,-1.65E-01,-7.20E-02,4.98E-02
-2.32E-02,-1.04E-01,-9.21E-02,4.98E-02
-2.32E-02,-1.24E-01,-1.12E-01,4.98E-02
-2.32E-02,-2.05E-01,-5.19E-02,1.30E-01
-2.32E-02,-1.65E-01,-2.33E-01,1.30E-01
-2.31E-02,-6.41E-02,-1.72E-01,4.98E-02
-2.31E-02,3.64E-02,-1.93E-01,4.98E-02
-2.31E-02,-1.45E-01,-1.12E-01,1.30E-01
-2.31E-02,-8.42E-02,-1.12E-01,9.01E-02
-2.30E-02,-1.24E-01,-1.12E-01,4.98E-02
-2.30E-02,-1.24E-01,-1.12E-01,4.98E-02
-2.30E-02,-6.41E-02,-1.12E-01,1.10E-01
-2.30E-02,-1.24E-01,8.44E-03,4.98E-02
-2.29E-02,-1.24E-01,-5.19E-02,1.10E-01
-2.29E-02,-4.40E-02,-3.18E-02,-3.06E-02
-2.29E-02,-1.24E-01,-1.12E-01,1.91E-01
-2.29E-02,-8.42E-02,-1.12E-01,4.98E-02
-2.28E-02,-1.24E-01,-1.93E-01,1.10E-01
-2.28E-02,-2.05E-01,-1.12E-01,1.30E-01
-2.28E-02,-6.41E-02,-1.52E-01,1.10E-01
-2.28E-02,-8.42E-02,-7.20E-02,9.01E-02
-2.27E-02,-1.85E-01,-1.32E-01,2.97E-02
-2.27E-02,-1.24E-01,-3.18E-02,-3.06E-02
-2.27E-02,-6.41E-02,-1.12E-01,1.70E-01
-2.27E-02,-1.24E-01,-1.12E-01,4.98E-02
-2.26E-02,-1.85E-01,-1.12E-01,6.99E-02
-2.26E-02,-4.40E-02,-3.18E-02,4.98E-02
-2.26E-02,-6.41E-02,-1.52E-01,4.98E-02
-2.26E-02,-1.24E-01,2.42E+00,4.98E-02
-2.25E-02,-1.24E-01,4.95E+00,4.98E-02
-2.25E-02,-1.24E-01,4.95E+00,-3.06E-02
-2.25E-02,-1.24E-01,4.97E+00,6.99E-02
-2.25E-02,-8.42E-02,4.99E+00,4.98E-02
-2.24E-02,1.63E-02,5.01E+00,1.10E-01
-2.24E-02,-1.24E-01,4.95E+00,1.30E-01
-2.24E-02,-1.24E-01,4.87E+00,1.10E-01
-2.24E-02,-8.42E-02,4.95E+00,9.01E-02
-2.23E-02,-1.24E-01,4.95E+00,9.65E-03
-2.23E-02,-4.40E-02,4.95E+00,4.98E-02
-2.23E-02,-8.42E-02,4.95E+00,4.98E-02
-2.23E-02,-1.65E-01,4.95E+00,2.11E-01
-2.22E-02,-1.04E-01,4.89E+00,1.30E-01
-2.22E-02,3.64E-02,4.95E+00,4.98E-02
-2.22E-02,-1.24E-01,4.95E+00,4.98E-02
-2.22E-02,-8.42E-02,4.99E+00,9.01E-02
-2.21E-02,-1.45E-01,4.89E+00,1.10E-01
-2.21E-02,-1.24E-01,4.95E+00,2.11E-01
-2.21E-02,-1.04E-01,4.95E+00,4.98E-02
-2.21E-02,-1.24E-01,4.91E+00,9.65E-03
-2.20E-02,-1.04E-01,4.97E+00,1.10E-01
-2.20E-02,-4.40E-02,4.95E+00,1.30E-01
-2.20E-02,-4.40E-02,4.95E+00,1.30E-01
-2.20E-02,-8.42E-02,4.91E+00,9.01E-02
-2.19E-02,-6.41E-02,4.95E+00,1.10E-01
-2.19E-02,-1.24E-01,4.95E+00,4.98E-02
-2.19E-02,-1.04E-01,4.89E+00,6.99E-02
-2.19E-02,-8.42E-02,5.03E+00,1.30E-01
-2.18E-02,-1.04E-01,4.93E+00,6.99E-02
-2.18E-02,-4.40E-02,4.95E+00,4.98E-02
-2.18E-02,-1.24E-01,4.95E+00,4.98E-02
-2.18E-02,-1.24E-01,4.91E+00,9.65E-03
-2.17E-02,-4.40E-02,4.87E+00,6.99E-02
-2.17E-02,-1.24E-01,4.95E+00,-3.06E-02
-2.17E-02,-6.41E-02,4.95E+00,1.30E-01
-2.17E-02,-1.24E-01,5.07E+00,4.98E-02
-2.16E-02,-6.41E-02,5.03E+00,1.50E-01
-2.16E-02,-2.85E-01,4.95E+00,-3.06E-02
-2.16E-02,-6.41E-02,4.87E+00,-3.06E-02
-2.16E-02,-1.65E-01,4.91E+00,9.01E-02
-2.15E-02,-1.85E-01,4.91E+00,4.98E-02
-2.15E-02,3.64E-02,4.95E+00,4.98E-02
-2.15E-02,-4.40E-02,4.97E+00,4.98E-02
-2.15E-02,-4.40E-02,4.87E+00,4.98E-02
-2.14E-02,-4.40E-02,4.95E+00,4.98E-02
-2.14E-02,-1.24E-01,4.95E+00,1.30E-01
-2.14E-02,-1.24E-01,5.03E+00,1.30E-01
-2.14E-02,-4.40E-02,4.95E+00,9.01E-02
-2.13E-02,-1.04E-01,4.97E+00,1.10E-01
-2.13E-02,-4.40E-02,5.03E+00,1.30E-01
-2.13E-02,-4.40E-02,4.99E+00,2.97E-02
-2.13E-02,-4.40E-02,4.99E+00,4.98E-02
-2.12E-02,-1.04E-01,4.89E+00,4.98E-02
-2.12E-02,-1.24E-01,5.03E+00,1.30E-01
-2.12E-02,-4.40E-02,5.01E+00,1.30E-01
-2.12E-02,-4.40E-02,4.99E+00,4.98E-02
-2.11E-02,-1.24E-01,4.93E+00,1.30E-01
-2.11E-02,-1.24E-01,4.95E+00,1.30E-01
-2.11E-02,-2.39E-02,4.95E+00,1.30E-01
-2.11E-02,-8.42E-02,4.95E+00,9.01E-02
-2.10E-02,-6.41E-02,4.91E+00,9.01E-02
-2.10E-02,-1.24E-01,4.87E+00,4.98E-02
-2.10E-02,-1.04E-01,4.97E+00,1.10E-01
-2.10E-02,-8.42E-02,4.99E+00,4.98E-02
-2.09E-02,-1.04E-01,4.95E+00,4.98E-02
-2.09E-02,-4.40E-02,4.95E+00,4.98E-02
-2.09E-02,-6.41E-02,4.93E+00,1.10E-01
-2.09E-02,-8.42E-02,4.83E+00,4.98E-02
-2.08E-02,-1.04E-01,4.95E+00,4.98E-02
-2.08E-02,-4.40E-02,4.95E+00,4.98E-02
-2.08E-02,-1.04E-01,4.95E+00,1.10E-01
-2.08E-02,-1.24E-01,4.95E+00,9.01E-02
-2.07E-02,-1.04E-01,5.01E+00,4.98E-02
-2.07E-02,-4.40E-02,5.03E+00,4.98E-02
-2.07E-02,-4.40E-02,4.95E+00,1.30E-01
-2.07E-02,-8.42E-02,4.99E+00,4.98E-02
-2.06E-02,-1.04E-01,5.01E+00,6.99E-02
-2.06E-02,-4.40E-02,4.95E+00,-3.06E-02
-2.06E-02,-6.41E-02,4.95E+00,6.99E-02
-2.06E-02,-2.45E-01,4.91E+00,9.01E-02
-2.05E-02,-4.40E-02,4.95E+00,2.97E-02
-2.05E-02,-4.40E-02,4.95E+00,1.30E-01
-2.05E-02,-4.40E-02,4.95E+00,1.50E-01
-2.05E-02,-8.42E-02,4.95E+00,9.01E-02
-2.04E-02,-4.40E-02,5.01E+00,9.01E-02
-2.04E-02,-1.24E-01,5.03E+00,4.98E-02
-2.04E-02,-1.04E-01,4.95E+00,1.30E-01
-2.04E-02,-4.40E-02,4.91E+00,9.65E-03
-2.03E-02,-6.41E-02,5.01E+00,2.97E-02
-2.03E-02,-4.40E-02,4.95E+00,2.11E-01
-2.03E-02,-1.04E-01,5.01E+00,2.97E-02
-2.03E-02,-8.42E-02,5.03E+00,4.98E-02
-2.02E-02,-6.41E-02,4.83E+00,1.30E-01
-2.02E-02,-4.40E-02,4.95E+00,4.98E-02
-2.02E-02,-6.41E-02,4.93E+00,1.10E-01
-2.02E-02,-8.42E-02,4.91E+00,9.01E-02
-2.01E-02,-6.41E-02,4.93E+00,1.10E-01
-2.01E-02,-4.40E-02,4.87E+00,1.30E-01
-2.01E-02,-1.65E-01,4.93E+00,1.50E-01
-2.01E-02,-3.81E-03,4.87E+00,9.01E-02
-2.00E-02,-1.04E-01,-1.12E-01,1.30E-01
-2.00E-02,5.02E+00,-1.12E-01,1.30E-01
-2.00E-02,4.98E+00,-5.19E-02,4.98E-02
-2.00E-02,4.98E+00,-7.20E-02,9.01E-02
-1.99E-02,4.96E+00,-1.12E-01,4.98E-02
-1.99E-02,4.94E+00,-1.12E-01,4.98E-02
-1.99E-02,5.04E+00,-1.52E-01,4.98E-02
-1.99E-02,4.98E+00,-7.20E-02,4.98E-02
-1.98E-02,4.90E+00,-1.12E-01,9.01E-02
-1.98E-02,4.94E+00,-1.93E-01,4.98E-02
-1.98E-02,5.00E+00,-1.12E-01,1.10E-01
-1.98E-02,4.98E+00,-1.52E-01,4.98E-02
-1.97E-02,4.96E+00,-9.21E-02,1.10E-01
-1.97E-02,4.94E+00,-1.12E-01,4.98E-02
-1.97E-02,4.96E+00,-1.12E-01,1.91E-01
-1.97E-02,4.98E+00,-1.52E-01,9.01E-02
-1.96E-02,4.96E+00,-1.72E-01,1.50E-01
-1.96E-02,5.10E+00,-1.12E-01,4.98E-02
-1.96E-02,4.94E+00,-9.21E-02,9.65E-03
-1.96E-02,4.94E+00,-7.20E-02,1.70E-01
-1.95E-02,4.94E+00,-1.12E-01,4.98E-02
-1.95E-02,4.94E+00,-3.18E-02,1.30E-01
-1.95E-02,5.04E+00,-1.12E-01,2.97E-02
-1.95E-02,5.02E+00,-1.12E-01,9.65E-03
-1.94E-02,5.06E+00,-1.72E-01,1.10E-01
-1.94E-02,4.86E+00,-1.12E-01,1.30E-01
-1.94E-02,4.96E+00,-1.93E-01,4.98E-02
-1.94E-02,4.98E+00,-1.52E-01,4.98E-02
-1.93E-02,5.08E+00,-3.18E-02,6.99E-02
-1.93E-02,4.94E+00,-1.12E-01,4.98E-02
-1.93E-02,4.96E+00,-5.19E-02,4.98E-02
-1.93E-02,4.94E+00,-1.12E-01,9.01E-02
-1.92E-02,4.94E+00,-1.12E-01,1.10E-01
-1.92E-02,4.86E+00,-3.18E-02,4.98E-02
-1.92E-02,4.88E+00,-1.72E-01,1.10E-01
-1.92E-02,4.90E+00,-1.12E-01,-7.08E-02
-1.91E-02,4.98E+00,-1.12E-01,6.99E-02
-1.91E-02,5.02E+00,-3.18E-02,1.30E-01
-1.91E-02,5.00E+00,-1.12E-01,1.70E-01
-1.91E-02,4.98E+00,-1.12E-01,1.30E-01
-1.90E-02,4.96E+00,-5.19E-02,4.98E-02
-1.90E-02,5.02E+00,-1.12E-01,1.30E-01
-1.90E-02,4.96E+00,-1.72E-01,1.30E-01
-1.90E-02,4.94E+00,-1.52E-01,9.01E-02
-1.89E-02,4.94E+00,-1.12E-01,4.98E-02
-1.89E-02,4.94E+00,-1.12E-01,1.30E-01
-1.89E-02,4.96E+00,-9.21E-02,1.30E-01
-1.89E-02,5.06E+00,-1.52E-01,9.01E-02
-1.88E-02,4.96E+00,-9.21E-02,4.98E-02
-1.88E-02,5.02E+00,-1.93E-01,4.98E-02
-1.88E-02,4.84E+00,-5.19E-02,9.65E-03
-1.88E-02,4.94E+00,-1.12E-01,4.98E-02
-1.87E-02,4.96E+00,-9.21E-02,6.99E-02
-1.87E-02,4.94E+00,-1.12E-01,1.30E-01
-1.87E-02,4.94E+00,-1.12E-01,1.10E-01
-1.87E-02,4.90E+00,-7.20E-02,9.01E-02
-1.86E-02,4.96E+00,-5.19E-02,1.30E-01
-1.86E-02,5.02E+00,-3.18E-02,4.98E-02
-1.86E-02,4.94E+00,-1.32E-01,1.30E-01
-1.86E-02,4.94E+00,-3.18E-02,9.01E-02
-1.85E-02,5.00E+00,-3.18E-02,1.91E-01
-1.85E-02,4.94E+00,-1.93E-01,1.30E-01
-1.85E-02,4.96E+00,-1.93E-01,4.98E-02
-1.85E-02,4.98E+00,-1.12E-01,9.01E-02
-1.84E-02,4.94E+00,-1.72E-01,9.01E-02
-1.84E-02,5.02E+00,-3.18E-02,2.11E-01
-1.84E-02,4.94E+00,-1.52E-01,-1.05E-02
-1.84E-02,4.94E+00,-1.12E-01,1.70E-01
-1.83E-02,5.02E+00,-5.19E-02,4.98E-02
-1.83E-02,4.86E+00,-1.12E-01,4.98E-02
-1.83E-02,4.94E+00,-9.21E-02,6.99E-02
-1.83E-02,4.98E+00,-7.20E-02,4.98E-02
-1.82E-02,5.00E+00,-9.21E-02,6.99E-02
-1.82E-02,4.94E+00,-3.18E-02,1.30E-01
-1.82E-02,5.02E+00,-1.12E-01,2.97E-02
-1.82E-02,5.02E+00,-7.20E-02,4.98E-02
-1.81E-02,5.02E+00,-1.72E-01,1.10E-01
-1.81E-02,4.86E+00,-1.12E-01,1.30E-01
-1.81E-02,4.96E+00,-5.19E-02,1.10E-01
-1.81E-02,4.98E+00,-1.52E-01,9.01E-02
-1.80E-02,4.84E+00,-9.21E-02,1.30E-01
-1.80E-02,4.94E+00,-1.12E-01,1.30E-01
-1.80E-02,4.96E+00,-1.12E-01,-1.05E-02
-1.80E-02,4.98E+00,-1.12E-01,1.70E-01
-1.79E-02,5.04E+00,-1.12E-01,6.99E-02
-1.79E-02,5.02E+00,-3.18E-02,1.30E-01
-1.79E-02,4.96E+00,-1.12E-01,4.98E-02
-1.79E-02,4.98E+00,-1.12E-01,1.30E-01
-1.78E-02,4.98E+00,-1.12E-01,1.10E-01
-1.78E-02,4.86E+00,-2.73E-01,4.98E-02
-1.78E-02,4.94E+00,-7.20E-02,1.10E-01
-1.78E-02,4.90E+00,-7.20E-02,9.01E-02
-1.77E-02,5.00E+00,-1.32E-01,4.31E+00
-1.77E-02,5.02E+00,-3.18E-02,4.31E+00
-1.77E-02,4.98E+00,-1.32E-01,4.23E+00
-1.77E-02,4.98E+00,8.44E-03,4.31E+00
-1.76E-02,4.92E+00,-1.32E-01,4.25E+00
-1.76E-02,4.94E+00,-3.18E-02,4.31E+00
-1.76E-02,4.94E+00,-1.52E-01,4.29E+00
-1.76E-02,5.02E+00,2.50E+00,4.19E+00
-1.75E-02,5.00E+00,4.89E+00,4.23E+00
-1.75E-02,4.94E+00,4.87E+00,4.39E+00
-1.75E-02,5.00E+00,4.97E+00,4.31E+00
-1.75E-02,4.90E+00,4.95E+00,4.27E+00
-1.74E-02,5.10E+00,5.07E+00,4.25E+00
-1.74E-02,4.94E+00,5.03E+00,4.15E+00
-1.74E-02,5.02E+00,5.03E+00,4.29E+00
-1.74E-02,4.98E+00,4.99E+00,4.31E+00
-1.73E-02,4.86E+00,5.03E+00,4.23E+00
-1.73E-02,4.94E+00,5.03E+00,4.31E+00
-1.73E-02,4.96E+00,5.01E+00,4.23E+00
-1.73E-02,4.98E+00,4.99E+00,4.31E+00
-1.72E-02,5.02E+00,5.01E+00,4.23E+00
-1.72E-02,4.86E+00,4.95E+00,4.23E+00
-1.72E-02,5.00E+00,4.99E+00,4.25E+00
-1.72E-02,4.98E+00,4.99E+00,4.19E+00
-1.71E-02,4.98E+00,4.95E+00,4.23E+00
-1.71E-02,5.02E+00,4.95E+00,4.15E+00
-1.71E-02,4.92E+00,5.01E+00,4.21E+00
-1.71E-02,4.90E+00,4.95E+00,4.15E+00
-1.70E-02,5.00E+00,4.93E+00,4.37E+00
-1.70E-02,5.02E+00,5.03E+00,4.31E+00
-1.70E-02,4.94E+00,5.03E+00,4.29E+00
-1.70E-02,4.98E+00,4.95E+00,4.31E+00
-1.69E-02,4.92E+00,4.81E+00,4.31E+00
-1.69E-02,4.94E+00,4.87E+00,4.31E+00
-1.69E-02,4.96E+00,5.01E+00,4.23E+00
-1.69E-02,4.94E+00,4.95E+00,4.15E+00
-1.68E-02,4.94E+00,4.99E+00,4.35E+00
-1.68E-02,4.94E+00,4.87E+00,4.23E+00
-1.68E-02,4.96E+00,4.93E+00,4.25E+00
-1.68E-02,4.94E+00,4.95E+00,4.23E+00
-1.67E-02,4.96E+00,4.91E+00,4.23E+00
-1.67E-02,4.94E+00,4.87E+00,4.31E+00
-1.67E-02,4.88E+00,4.95E+00,4.29E+00
-1.67E-02,4.94E+00,4.95E+00,4.23E+00
-1.66E-02,4.96E+00,4.95E+00,4.29E+00
-1.66E-02,4.94E+00,4.95E+00,4.23E+00
-1.66E-02,4.90E+00,4.95E+00,4.35E+00
-1.66E-02,4.98E+00,4.95E+00,4.31E+00
-1.65E-02,4.96E+00,4.87E+00,4.23E+00
-1.65E-02,4.94E+00,4.95E+00,4.31E+00
-1.65E-02,4.88E+00,4.99E+00,4.29E+00
-1.65E-02,4.94E+00,4.99E+00,4.27E+00
-1.64E-02,4.92E+00,4.97E+00,4.29E+00
-1.64E-02,4.94E+00,4.87E+00,4.23E+00
-1.64E-02,4.94E+00,4.87E+00,4.17E+00
-1.64E-02,4.94E+00,4.99E+00,4.27E+00
-1.63E-02,4.94E+00,4.95E+00,4.17E+00
-1.63E-02,5.02E+00,4.95E+00,4.23E+00
-1.63E-02,5.00E+00,4.95E+00,4.23E+00
-1.63E-02,4.98E+00,4.99E+00,4.23E+00
-1.62E-02,5.00E+00,4.95E+00,4.21E+00
-1.62E-02,4.94E+00,4.95E+00,4.23E+00
-1.62E-02,4.86E+00,4.89E+00,4.29E+00
-1.62E-02,4.90E+00,4.83E+00,4.27E+00
-1.61E-02,4.94E+00,4.93E+00,4.21E+00
-1.61E-02,4.94E+00,4.95E+00,4.23E+00
-1.61E-02,5.04E+00,5.01E+00,4.23E+00
-1.61E-02,4.90E+00,4.91E+00,4.31E+00
-1.60E-02,4.96E+00,4.93E+00,4.19E+00
-1.60E-02,5.02E+00,4.95E+00,4.23E+00
-1.60E-02,4.94E+00,4.93E+00,4.25E+00
-1.60E-02,4.90E+00,4.95E+00,4.27E+00
-1.59E-02,4.98E+00,4.95E+00,4.23E+00
-1.59E-02,4.94E+00,5.03E+00,4.15E+00
-1.59E-02,4.96E+00,4.95E+00,4.23E+00
-1.59E-02,4.98E+00,4.87E+00,4.23E+00
-1.58E-02,4.96E+00,4.97E+00,4.27E+00
-1.58E-02,5.10E+00,4.87E+00,4.23E+00
-1.58E-02,4.92E+00,4.93E+00,4.21E+00
-1.58E-02,4.90E+00,4.99E+00,4.19E+00
-1.57E-02,4.94E+00,4.89E+00,4.23E+00
-1.57E-02,4.94E+00,4.95E+00,4.23E+00
-1.57E-02,4.88E+00,4.93E+00,4.25E+00
-1.57E-02,4.98E+00,4.95E+00,4.27E+00
-1.56E-02,4.88E+00,4.87E+00,4.23E+00
-1.56E-02,4.94E+00,5.03E+00,4.23E+00
-1.56E-02,4.92E+00,5.01E+00,4.21E+00
-1.56E-02,4.94E+00,4.95E+00,4.31E+00
-1.55E-02,4.96E+00,4.89E+00,4.19E+00
-1.55E-02,4.94E+00,5.03E+00,4.23E+00
-1.55E-02,4.94E+00,5.01E+00,4.23E+00
-1.55E-02,4.94E+00,4.95E+00,4.19E+00
-1.54E-02,4.94E+00,4.95E+00,4.23E+00
-1.54E-02,5.02E+00,4.87E+00,4.23E+00
-1.54E-02,4.92E+00,4.91E+00,4.17E+00
-1.54E-02,4.94E+00,4.91E+00,4.23E+00
-1.53E-02,4.94E+00,4.95E+00,4.17E+00
-1.53E-02,4.94E+00,5.03E+00,4.31E+00
-1.53E-02,4.98E+00,4.87E+00,4.29E+00
-1.53E-02,4.98E+00,4.91E+00,4.23E+00
-1.52E-02,4.98E+00,4.89E+00,4.23E+00
-1.52E-02,4.86E+00,4.95E+00,4.98E-02
-1.52E-02,4.92E+00,4.95E+00,-1.05E-02
-1.52E-02,4.98E+00,4.95E+00,4.98E-02
-1.51E-02,4.94E+00,4.95E+00,4.98E-02
-1.51E-02,4.94E+00,4.95E+00,4.98E-02
-1.51E-02,4.90E+00,4.93E+00,-1.05E-02
-1.51E-02,5.02E+00,4.91E+00,4.98E-02
-1.50E-02,4.96E+00,-1.12E-01,1.10E-01
-1.50E-02,-1.24E-01,-1.12E-01,1.30E-01
-1.50E-02,-1.85E-01,-1.32E-01,2.97E-02
-1.50E-02,-1.24E-01,-3.18E-02,9.01E-02
-1.49E-02,-1.04E-01,-1.52E-01,1.10E-01
-1.49E-02,-1.24E-01,-1.12E-01,1.30E-01
-1.49E-02,-1.85E-01,-1.52E-01,4.98E-02
-1.49E-02,-1.24E-01,-1.52E-01,4.98E-02
-1.48E-02,-6.41E-02,-1.32E-01,1.30E-01
-1.48E-02,-1.24E-01,-1.93E-01,1.30E-01
-1.48E-02,-4.40E-02,-1.12E-01,6.99E-02
-1.48E-02,-1.24E-01,-7.20E-02,9.01E-02
-1.47E-02,-1.85E-01,-9.21E-02,4.98E-02
-1.47E-02,-2.05E-01,-1.12E-01,1.30E-01
-1.47E-02,-1.24E-01,-5.19E-02,-1.05E-02
-1.47E-02,-1.24E-01,-7.20E-02,4.98E-02
-1.46E-02,-1.85E-01,-7.20E-02,4.98E-02
-1.46E-02,-4.40E-02,-1.93E-01,4.98E-02
-1.46E-02,-6.41E-02,-1.72E-01,4.98E-02
-1.46E-02,-4.40E-02,-1.52E-01,4.98E-02
-1.45E-02,-1.45E-01,-9.21E-02,4.98E-02
-1.45E-02,-4.40E-02,-1.12E-01,-3.06E-02
-1.45E-02,-1.24E-01,-1.93E-01,4.98E-02
-1.45E-02,-8.42E-02,-3.18E-02,9.65E-03
-1.44E-02,-1.04E-01,-1.12E-01,-1.05E-02
-1.44E-02,-1.24E-01,-1.12E-01,4.98E-02
-1.44E-02,-1.45E-01,-1.72E-01,6.99E-02
-1.44E-02,-1.24E-01,-7.20E-02,9.01E-02
-1.43E-02,-1.24E-01,-1.93E-01,9.65E-03
-1.43E-02,-1.24E-01,-1.93E-01,1.30E-01
-1.43E-02,-1.45E-01,-1.72E-01,-3.06E-02
-1.43E-02,-1.65E-01,-1.52E-01,4.98E-02
-1.42E-02,-1.65E-01,-7.20E-02,-1.05E-02
-1.42E-02,-1.24E-01,-1.12E-01,4.98E-02
-1.42E-02,-1.24E-01,-1.32E-01,1.10E-01
-1.42E-02,-1.24E-01,-1.52E-01,4.98E-02
-1.41E-02,-1.24E-01,-1.12E-01,2.97E-02
-1.41E-02,-2.05E-01,-1.93E-01,4.98E-02
-1.41E-02,-4.40E-02,-1.93E-01,-1.05E-02
-1.41E-02,-1.65E-01,-3.18E-02,9.65E-03
-1.40E-02,-1.85E-01,-1.12E-01,6.99E-02
-1.40E-02,-2.05E-01,-1.12E-01,4.98E-02
-1.40E-02,-1.65E-01,-3.18E-02,1.10E-01
-1.40E-02,-1.24E-01,-1.52E-01,4.98E-02
-1.39E-02,-1.45E-01,-1.12E-01,4.98E-02
-1.39E-02,3.64E-02,-1.12E-01,1.30E-01
-1.39E-02,-1.24E-01,-1.72E-01,1.30E-01
-1.39E-02,-8.42E-02,-1.52E-01,-3.06E-02
-1.38E-02,-6.41E-02,-1.12E-01,1.10E-01
-1.38E-02,-2.05E-01,-1.93E-01,1.30E-01
-1.38E-02,-2.05E-01,-9.21E-02,9.01E-02
-1.38E-02,-1.65E-01,-3.18E-02,9.01E-02
-1.37E-02,-1.24E-01,8.44E-03,4.98E-02
-1.37E-02,-1.24E-01,-3.18E-02,4.98E-02
-1.37E-02,-1.24E-01,-1.52E-01,4.98E-02
-1.37E-02,-1.65E-01,-1.52E-01,1.30E-01
-1.36E-02,-1.04E-01,-1.52E-01,1.10E-01
-1.36E-02,-1.24E-01,-1.12E-01,-3.06E-02
-1.36E-02,-2.25E-01,-1.72E-01,1.30E-01
-1.36E-02,-8.42E-02,-7.20E-02,9.01E-02
-1.35E-02,-6.41E-02,-1.72E-01,1.50E-01
-1.35E-02,-1.24E-01,-1.93E-01,-3.06E-02
-1.35E-02,-6.41E-02,-1.12E-01,2.97E-02
-1.35E-02,-8.42E-02,-1.12E-01,9.01E-02
-1.34E-02,-6.41E-02,-1.32E-01,6.99E-02
-1.34E-02,-1.24E-01,-1.12E-01,4.98E-02
-1.34E-02,-1.24E-01,-1.52E-01,4.98E-02
-1.34E-02,-8.42E-02,-1.12E-01,9.01E-02
-1.33E-02,-2.05E-01,-1.32E-01,1.10E-01
-1.33E-02,-2.05E-01,-1.93E-01,1.30E-01
-1.33E-02,-1.24E-01,-5.19E-02,9.01E-02
-1.33E-02,-8.42E-02,-1.12E-01,1.70E-01
-1.32E-02,-1.65E-01,-1.32E-01,4.98E-02
-1.32E-02,-4.40E-02,-1.12E-01,1.30E-01
-1.32E-02,-1.45E-01,-7.20E-02,-3.06E-02
-1.32E-02,-4.40E-02,-1.52E-01,9.01E-02
-1.31E-02,-4.40E-02,-1.12E-01,9.01E-02
-1.31E-02,-4.40E-02,-1.12E-01,1.30E-01
-1.31E-02,-4.40E-02,-1.72E-01,4.98E-02
-1.31E-02,-1.24E-01,-1.12E-01,9.01E-02
-1.30E-02,-1.24E-01,-1.12E-01,2.97E-02
-1.30E-02,-4.40E-02,-1.12E-01,4.98E-02
-1.30E-02,-1.45E-01,-1.32E-01,4.98E-02
-1.30E-02,-1.65E-01,-1.52E-01,1.30E-01
-1.29E-02,-6.41E-02,-1.12E-01,9.01E-02
-1.29E-02,-1.24E-01,-1.12E-01,1.30E-01
-1.29E-02,-1.85E-01,-1.52E-01,6.99E-02
-1.29E-02,-1.65E-01,-7.20E-02,4.98E-02
-1.28E-02,-1.85E-01,-9.21E-02,4.98E-02
-1.28E-02,-2.05E-01,-1.12E-01,1.30E-01
-1.28E-02,-1.24E-01,-1.72E-01,2.97E-02
-1.28E-02,-1.24E-01,-1.52E-01,9.01E-02
-1.27E-02,-1.24E-01,-1.72E-01,4.98E-02
-1.27E-02,-1.24E-01,-1.12E-01,1.30E-01
-1.27E-02,-1.24E-01,-1.12E-01,2.97E-02
-1.27E-02,-1.24E-01,-1.12E-01,1.30E-01
-1.26E-02,-1.45E-01,-9.21E-02,-1.05E-02
-1.26E-02,-4.40E-02,-1.12E-01,1.30E-01
-1.26E-02,-1.24E-01,-1.52E-01,1.10E-01
-1.26E-02,-8.42E-02,2.38E+00,9.01E-02
-1.25E-02,-8.42E-02,4.93E+00,4.98E-02
-1.25E-02,-1.24E-01,5.03E+00,1.30E-01
-1.25E-02,-3.81E-03,4.95E+00,6.99E-02
-1.25E-02,-1.65E-01,4.99E+00,9.01E-02
-1.24E-02,-1.24E-01,4.95E+00,1.10E-01
-1.24E-02,-4.40E-02,4.95E+00,1.30E-01
-1.24E-02,-1.04E-01,4.95E+00,6.99E-02
-1.24E-02,-8.42E-02,4.99E+00,9.01E-02
-1.23E-02,-1.45E-01,4.95E+00,1.10E-01
-1.23E-02,-1.24E-01,4.95E+00,1.30E-01
-1.23E-02,-4.40E-02,4.93E+00,6.99E-02
-1.23E-02,-1.24E-01,4.91E+00,4.98E-02
-1.22E-02,-1.04E-01,4.95E+00,4.98E-02
-1.22E-02,-1.24E-01,4.95E+00,4.98E-02
-1.22E-02,-1.24E-01,5.01E+00,1.10E-01
-1.22E-02,-8.42E-02,4.95E+00,9.01E-02
-1.21E-02,-1.04E-01,4.93E+00,6.99E-02
-1.21E-02,-1.24E-01,4.95E+00,1.30E-01
-1.21E-02,-4.40E-02,4.95E+00,2.97E-02
-1.21E-02,-1.65E-01,4.95E+00,9.01E-02
-1.20E-02,-6.41E-02,4.95E+00,4.98E-02
-1.20E-02,-4.40E-02,4.87E+00,4.98E-02
-1.20E-02,-1.04E-01,4.95E+00,-1.05E-02
-1.20E-02,-8.42E-02,4.91E+00,1.30E-01
-1.19E-02,-1.24E-01,5.01E+00,1.30E-01
-1.19E-02,-1.24E-01,4.95E+00,1.30E-01
-1.19E-02,-1.24E-01,4.95E+00,6.99E-02
-1.19E-02,-4.40E-02,4.91E+00,1.30E-01
-1.18E-02,-4.40E-02,4.95E+00,1.70E-01
-1.18E-02,-1.24E-01,4.87E+00,4.98E-02
-1.18E-02,-4.40E-02,4.95E+00,9.65E-03
-1.18E-02,-1.24E-01,4.95E+00,4.98E-02
-1.17E-02,-1.04E-01,4.95E+00,6.99E-02
-1.17E-02,-1.24E-01,4.87E+00,4.98E-02
-1.17E-02,-3.81E-03,4.95E+00,9.01E-02
-1.17E-02,-1.24E-01,4.91E+00,9.65E-03
-1.16E-02,-8.42E-02,4.93E+00,1.10E-01
-1.16E-02,-1.24E-01,4.95E+00,4.98E-02
-1.16E-02,-1.45E-01,5.01E+00,1.91E-01
-1.16E-02,-4.40E-02,4.95E+00,9.01E-02
-1.15E-02,-4.40E-02,4.99E+00,6.99E-02
-1.15E-02,-4.40E-02,5.03E+00,1.30E-01
-1.15E-02,-4.40E-02,4.95E+00,1.10E-01
-1.15E-02,-1.24E-01,4.91E+00,9.65E-03
-1.14E-02,-6.41E-02,4.89E+00,9.01E-02
-1.14E-02,-1.24E-01,4.95E+00,4.98E-02
-1.14E-02,-6.41E-02,5.01E+00,1.10E-01
-1.14E-02,-4.40E-02,4.87E+00,9.01E-02
-1.13E-02,1.63E-02,4.95E+00,1.30E-01
-1.13E-02,-1.24E-01,5.03E+00,1.30E-01
-1.13E-02,-4.40E-02,5.01E+00,2.97E-02
-1.13E-02,-8.42E-02,4.95E+00,9.01E-02
-1.12E-02,-6.41E-02,4.95E+00,4.98E-02
-1.12E-02,3.64E-02,4.87E+00,4.98E-02
-1.12E-02,-3.81E-03,5.03E+00,9.01E-02
-1.12E-02,-8.42E-02,4.87E+00,9.65E-03
-1.11E-02,1.63E-02,5.01E+00,6.99E-02
-1.11E-02,-1.24E-01,4.87E+00,4.98E-02
-1.11E-02,-6.41E-02,4.97E+00,9.65E-03
-1.11E-02,-8.42E-02,4.99E+00,9.01E-02
-1.10E-02,-4.40E-02,4.95E+00,1.30E-01
-1.10E-02,-1.24E-01,5.03E+00,2.11E-01
-1.10E-02,-1.85E-01,5.07E+00,1.30E-01
-1.10E-02,-8.42E-02,4.87E+00,9.01E-02
-1.09E-02,-8.42E-02,4.95E+00,6.99E-02
-1.09E-02,-1.24E-01,4.95E+00,1.30E-01
-1.09E-02,-2.05E-01,4.95E+00,-9.09E-02
-1.09E-02,-3.81E-03,4.91E+00,4.98E-02
-1.08E-02,-6.41E-02,4.95E+00,4.98E-02
-1.08E-02,-4.40E-02,4.95E+00,4.98E-02
-1.08E-02,-6.41E-02,4.95E+00,6.99E-02
-1.08E-02,-1.24E-01,4.91E+00,9.01E-02
-1.07E-02,-1.24E-01,4.93E+00,9.01E-02
-1.07E-02,-4.40E-02,4.95E+00,1.30E-01
-1.07E-02,-3.81E-03,4.89E+00,4.98E-02
-1.07E-02,-3.81E-03,4.95E+00,9.01E-02
-1.06E-02,-4.40E-02,4.97E+00,1.10E-01
-1.06E-02,-1.24E-01,4.95E+00,4.98E-02
-1.06E-02,-1.24E-01,4.93E+00,6.99E-02
-1.06E-02,-8.42E-02,4.95E+00,9.01E-02
-1.05E-02,-8.42E-02,4.95E+00,6.99E-02
-1.05E-02,-2.05E-01,4.95E+00,4.98E-02
-1.05E-02,-4.40E-02,4.93E+00,1.10E-01
-1.05E-02,-4.40E-02,4.95E+00,9.01E-02
-1.04E-02,-1.04E-01,5.03E+00,6.99E-02
-1.04E-02,-4.40E-02,4.95E+00,4.98E-02
-1.04E-02,-1.04E-01,4.99E+00,1.30E-01
-1.04E-02,-4.40E-02,4.95E+00,9.01E-02
-1.03E-02,-1.24E-01,4.93E+00,1.10E-01
-1.03E-02,-1.24E-01,5.03E+00,4.98E-02
-1.03E-02,-6.41E-02,4.93E+00,4.98E-02
-1.03E-02,-4.40E-02,4.95E+00,1.30E-01
-1.02E-02,-4.40E-02,4.97E+00,9.65E-03
-1.02E-02,-4.40E-02,4.95E+00,-3.06E-02
-1.02E-02,-4.40E-02,4.87E+00,1.30E-01
-1.02E-02,-1.24E-01,4.95E+00,1.30E-01
-1.01E-02,-1.04E-01,4.87E+00,1.30E-01
-1.01E-02,-1.24E-01,4.95E+00,1.30E-01
-1.01E-02,-2.39E-02,4.89E+00,6.99E-02
-1.01E-02,-4.40E-02,4.87E+00,9.01E-02
-1.00E-02,-3.81E-03,-1.93E-01,1.10E-01
-1.00E-02,5.02E+00,-1.12E-01,-3.06E-02
-9.98E-03,4.86E+00,-7.20E-02,9.01E-02
-9.95E-03,5.02E+00,-3.18E-02,9.01E-02
-9.93E-03,4.96E+00,-1.72E-01,9.01E-02
-9.90E-03,5.02E+00,-3.18E-02,1.30E-01
-9.88E-03,5.06E+00,-1.93E-01,1.50E-01
-9.85E-03,4.98E+00,-1.52E-01,1.30E-01
-9.83E-03,4.98E+00,-9.21E-02,1.10E-01
-9.80E-03,4.94E+00,-1.12E-01,1.30E-01
-9.78E-03,5.00E+00,-1.32E-01,6.99E-02
-9.75E-03,5.02E+00,-1.93E-01,9.65E-03
-9.73E-03,5.06E+00,-1.93E-01,1.10E-01
-9.70E-03,4.86E+00,-1.12E-01,4.98E-02
-9.68E-03,4.92E+00,-5.19E-02,6.99E-02
-9.65E-03,4.94E+00,-1.93E-01,4.98E-02
-9.63E-03,5.00E+00,-1.52E-01,1.10E-01
-9.60E-03,5.02E+00,-1.93E-01,4.98E-02
-9.58E-03,4.96E+00,-1.32E-01,4.98E-02
-9.55E-03,4.98E+00,-3.18E-02,1.30E-01
-9.53E-03,4.96E+00,-1.32E-01,6.99E-02
-9.50E-03,5.02E+00,-3.18E-02,-3.06E-02
-9.48E-03,4.90E+00,-9.21E-02,1.10E-01
-9.45E-03,4.94E+00,-1.12E-01,9.01E-02
-9.43E-03,4.94E+00,-1.12E-01,1.10E-01
-9.40E-03,4.94E+00,-2.73E-01,4.98E-02
-9.38E-03,4.94E+00,-1.12E-01,4.98E-02
-9.35E-03,5.02E+00,-1.52E-01,9.01E-02
-9.33E-03,4.92E+00,-1.72E-01,4.98E-02
-9.30E-03,5.02E+00,-1.12E-01,4.98E-02
-9.28E-03,4.96E+00,-1.12E-01,1.10E-01
-9.25E-03,4.90E+00,-1.12E-01,4.98E-02
-9.23E-03,4.94E+00,-1.32E-01,2.97E-02
-9.20E-03,5.02E+00,-1.12E-01,1.30E-01
-9.18E-03,4.96E+00,-7.20E-02,6.99E-02
-9.15E-03,4.94E+00,-1.12E-01,4.98E-02
-9.13E-03,5.00E+00,-1.32E-01,6.99E-02
-9.10E-03,5.02E+00,-1.12E-01,4.98E-02
-9.08E-03,5.02E+00,-1.72E-01,1.30E-01
-9.05E-03,4.98E+00,-3.18E-02,1.30E-01
-9.03E-03,5.04E+00,-7.20E-02,2.31E-01
-9.00E-03,4.94E+00,-1.12E-01,1.30E-01
-8.98E-03,4.94E+00,-1.52E-01,4.98E-02
-8.95E-03,4.98E+00,-3.18E-02,9.01E-02
-8.93E-03,4.96E+00,-1.12E-01,4.98E-02
-8.90E-03,4.94E+00,-2.73E-01,4.98E-02
-8.88E-03,4.94E+00,-1.93E-01,6.99E-02
-8.85E-03,4.98E+00,-1.12E-01,9.01E-02
-8.83E-03,4.96E+00,-1.12E-01,4.98E-02
-8.80E-03,4.94E+00,-1.12E-01,1.30E-01
-8.78E-03,5.02E+00,-9.21E-02,1.10E-01
-8.75E-03,4.98E+00,-7.20E-02,1.70E-01
-8.73E-03,4.94E+00,-1.12E-01,2.97E-02
-8.70E-03,4.94E+00,-1.12E-01,1.30E-01
-8.68E-03,5.00E+00,-9.21E-02,6.99E-02
-8.65E-03,4.94E+00,-1.12E-01,4.98E-02
-8.63E-03,4.96E+00,-1.32E-01,4.98E-02
-8.60E-03,4.86E+00,-1.12E-01,4.98E-02
-8.58E-03,4.98E+00,-1.93E-01,6.99E-02
-8.55E-03,5.06E+00,-1.12E-01,4.98E-02
-8.53E-03,5.02E+00,-9.21E-02,1.30E-01
-8.50E-03,4.94E+00,-1.12E-01,4.98E-02
-8.48E-03,5.00E+00,-1.12E-01,6.99E-02
-8.45E-03,4.94E+00,-1.12E-01,9.01E-02
-8.43E-03,4.98E+00,-1.52E-01,6.99E-02
-8.40E-03,4.86E+00,-1.12E-01,4.98E-02
-8.38E-03,4.90E+00,-5.19E-02,6.99E-02
-8.35E-03,4.94E+00,-3.18E-02,9.65E-03
-8.33E-03,4.92E+00,-1.12E-01,-1.05E-02
-8.30E-03,5.02E+00,-3.18E-02,4.98E-02
-8.28E-03,4.90E+00,-5.19E-02,1.30E-01
-8.25E-03,4.94E+00,-1.52E-01,1.30E-01
-8.23E-03,4.96E+00,-1.12E-01,4.98E-02
-8.20E-03,4.94E+00,-1.93E-01,4.98E-02
-8.18E-03,5.02E+00,-1.12E-01,4.98E-02
-8.15E-03,5.02E+00,-7.20E-02,1.30E-01
-8.13E-03,4.94E+00,-9.21E-02,6.99E-02
-8.10E-03,5.10E+00,-1.12E-01,1.30E-01
-8.08E-03,4.96E+00,-1.52E-01,1.10E-01
-8.05E-03,4.94E+00,-1.12E-01,9.01E-02
-8.03E-03,4.94E+00,-1.32E-01,6.99E-02
-8.00E-03,5.02E+00,-3.18E-02,1.30E-01
-7.98E-03,5.02E+00,-1.72E-01,2.11E-01
-7.95E-03,4.98E+00,-1.12E-01,4.98E-02
-7.93E-03,4.94E+00,-3.18E-02,4.98E-02
-7.90E-03,5.02E+00,-1.12E-01,4.98E-02
-7.88E-03,4.88E+00,-2.33E-01,1.30E-01
-7.85E-03,4.98E+00,-1.52E-01,4.98E-02
-7.83E-03,5.02E+00,-1.12E-01,1.10E-01
-7.80E-03,5.02E+00,-1.12E-01,1.30E-01
-7.78E-03,4.98E+00,-9.21E-02,9.01E-02
-7.75E-03,4.94E+00,-1.12E-01,9.01E-02
-7.73E-03,5.02E+00,-1.72E-01,4.31E+00
-7.70E-03,4.86E+00,4.86E-02,4.31E+00
-7.68E-03,5.00E+00,-9.21E-02,4.23E+00
-7.65E-03,4.90E+00,-1.12E-01,4.19E+00
-7.63E-03,4.94E+00,-1.12E-01,4.35E+00
-7.60E-03,4.86E+00,-1.12E-01,4.31E+00
-7.58E-03,4.86E+00,-1.12E-01,4.25E+00
-7.55E-03,4.94E+00,2.46E+00,4.19E+00
-7.53E-03,5.02E+00,4.95E+00,4.29E+00
-7.50E-03,4.94E+00,4.95E+00,4.31E+00
-7.48E-03,4.96E+00,5.03E+00,4.23E+00
-7.45E-03,4.98E+00,4.95E+00,4.23E+00
-7.43E-03,5.06E+00,4.95E+00,4.31E+00
-7.40E-03,4.86E+00,4.95E+00,4.23E+00
-7.38E-03,4.96E+00,4.89E+00,4.33E+00
-7.35E-03,4.94E+00,5.03E+00,4.27E+00
-7.33E-03,5.00E+00,4.95E+00,4.21E+00
-7.30E-03,4.94E+00,5.03E+00,4.23E+00
-7.28E-03,4.96E+00,4.95E+00,4.23E+00
-7.25E-03,4.98E+00,4.99E+00,4.23E+00
-7.23E-03,5.00E+00,4.89E+00,4.29E+00
-7.20E-03,4.94E+00,4.95E+00,4.23E+00
-7.18E-03,5.00E+00,4.95E+00,4.17E+00
-7.15E-03,4.98E+00,4.99E+00,4.39E+00
-7.13E-03,4.82E+00,4.95E+00,4.31E+00
-7.10E-03,4.86E+00,4.95E+00,4.23E+00
-7.08E-03,4.92E+00,4.95E+00,4.27E+00
-7.05E-03,4.90E+00,4.99E+00,4.31E+00
-7.03E-03,4.90E+00,5.01E+00,4.23E+00
-7.00E-03,4.94E+00,4.87E+00,4.23E+00
-6.98E-03,4.86E+00,4.89E+00,4.29E+00
-6.95E-03,5.02E+00,4.99E+00,4.27E+00
-6.93E-03,4.90E+00,4.93E+00,4.23E+00
-6.90E-03,4.78E+00,4.95E+00,4.23E+00
-6.88E-03,4.94E+00,4.89E+00,4.23E+00
-6.85E-03,4.90E+00,4.95E+00,4.31E+00
-6.83E-03,4.94E+00,4.85E+00,4.27E+00
-6.80E-03,4.94E+00,5.11E+00,4.23E+00
-6.78E-03,4.90E+00,4.99E+00,4.27E+00
-6.75E-03,4.94E+00,4.95E+00,4.23E+00
-6.73E-03,4.92E+00,4.95E+00,4.23E+00
-6.70E-03,4.94E+00,4.95E+00,4.23E+00
-6.68E-03,5.00E+00,4.95E+00,4.25E+00
-6.65E-03,4.90E+00,4.87E+00,4.23E+00
-6.63E-03,4.88E+00,4.95E+00,4.17E+00
-6.60E-03,5.02E+00,4.95E+00,4.31E+00
-6.58E-03,4.94E+00,5.01E+00,4.23E+00
-6.55E-03,4.98E+00,5.03E+00,4.27E+00
-6.53E-03,4.96E+00,4.95E+00,4.29E+00
-6.50E-03,5.02E+00,4.95E+00,4.23E+00
-6.48E-03,4.94E+00,4.95E+00,4.21E+00
-6.45E-03,4.98E+00,4.87E+00,4.27E+00
-6.43E-03,4.92E+00,5.01E+00,4.23E+00
-6.40E-03,4.94E+00,4.95E+00,4.15E+00
-6.38E-03,5.02E+00,4.99E+00,4.31E+00
-6.35E-03,4.98E+00,4.95E+00,4.27E+00
-6.33E-03,5.08E+00,4.95E+00,4.29E+00
-6.30E-03,5.02E+00,4.95E+00,4.23E+00
-6.28E-03,4.94E+00,4.91E+00,4.27E+00
-6.25E-03,4.98E+00,4.99E+00,4.27E+00
-6.23E-03,4.94E+00,4.93E+00,4.17E+00
-6.20E-03,5.02E+00,4.95E+00,4.23E+00
-6.18E-03,4.96E+00,4.97E+00,4.23E+00
-6.15E-03,4.90E+00,4.99E+00,4.19E+00
-6.13E-03,4.94E+00,5.03E+00,4.25E+00
-6.10E-03,4.94E+00,4.87E+00,4.23E+00
-6.08E-03,4.96E+00,4.95E+00,4.29E+00
-6.05E-03,4.98E+00,4.99E+00,4.19E+00
-6.03E-03,4.94E+00,4.95E+00,4.23E+00
-6.00E-03,4.94E+00,4.95E+00,4.23E+00
-5.98E-03,4.92E+00,4.97E+00,4.29E+00
-5.95E-03,4.94E+00,4.95E+00,4.19E+00
-5.93E-03,4.94E+00,4.93E+00,4.23E+00
-5.90E-03,4.86E+00,4.95E+00,4.31E+00
-5.88E-03,4.94E+00,5.01E+00,4.21E+00
-5.85E-03,4.94E+00,4.99E+00,4.15E+00
-5.83E-03,4.94E+00,4.95E+00,4.23E+00
-5.80E-03,4.94E+00,5.03E+00,4.31E+00
-5.78E-03,4.94E+00,5.01E+00,4.29E+00
-5.75E-03,4.98E+00,4.95E+00,4.23E+00
-5.73E-03,5.00E+00,4.95E+00,4.21E+00
-5.70E-03,4.94E+00,4.95E+00,4.31E+00
-5.68E-03,4.96E+00,4.89E+00,4.31E+00
-5.65E-03,4.98E+00,4.95E+00,4.23E+00
-5.63E-03,4.96E+00,4.97E+00,4.29E+00
-5.60E-03,4.94E+00,4.95E+00,4.23E+00
-5.58E-03,4.88E+00,4.99E+00,4.23E+00
-5.55E-03,4.94E+00,4.91E+00,4.19E+00
-5.53E-03,4.88E+00,4.89E+00,4.29E+00
-5.50E-03,4.86E+00,4.95E+00,4.23E+00
-5.48E-03,4.94E+00,4.89E+00,4.31E+00
-5.45E-03,4.98E+00,4.91E+00,4.19E+00
-5.43E-03,4.94E+00,4.93E+00,4.29E+00
-5.40E-03,4.86E+00,4.87E+00,4.15E+00
-5.38E-03,4.96E+00,4.87E+00,4.23E+00
-5.35E-03,4.98E+00,4.99E+00,4.19E+00
-5.33E-03,5.00E+00,4.95E+00,4.23E+00
-5.30E-03,4.86E+00,4.87E+00,4.15E+00
-5.28E-03,4.98E+00,4.87E+00,4.23E+00
-5.25E-03,4.94E+00,5.03E+00,4.23E+00
-5.23E-03,5.00E+00,4.95E+00,4.29E+00
-5.20E-03,4.86E+00,5.03E+00,4.98E-02
-5.18E-03,4.88E+00,4.91E+00,4.98E-02
-5.15E-03,4.90E+00,4.95E+00,4.98E-02
-5.13E-03,4.94E+00,4.93E+00,4.98E-02
-5.10E-03,4.94E+00,5.03E+00,4.98E-02
-5.08E-03,4.94E+00,4.95E+00,-1.05E-02
-5.05E-03,4.90E+00,5.03E+00,1.30E-01
-5.03E-03,4.86E+00,-1.32E-01,4.98E-02
-5.00E-03,-4.40E-02,-1.12E-01,4.98E-02
-4.98E-03,-2.05E-01,-5.19E-02,6.99E-02
-4.95E-03,-8.42E-02,-1.52E-01,9.01E-02
-4.93E-03,-1.24E-01,-7.20E-02,1.10E-01
-4.90E-03,-1.24E-01,-1.12E-01,1.30E-01
-4.88E-03,-8.42E-02,-5.19E-02,6.99E-02
-4.85E-03,-8.42E-02,-1.12E-01,1.30E-01
-4.83E-03,-8.42E-02,-1.32E-01,1.70E-01
-4.80E-03,-4.40E-02,-1.12E-01,4.98E-02
-4.78E-03,-1.24E-01,-1.12E-01,9.01E-02
-4.75E-03,-8.42E-02,-1.12E-01,4.98E-02
-4.73E-03,-1.24E-01,-5.19E-02,-1.05E-02
-4.70E-03,-4.40E-02,-1.12E-01,4.98E-02
-4.68E-03,-1.24E-01,-1.72E-01,6.99E-02
-4.65E-03,-4.40E-02,-1.52E-01,4.98E-02
-4.63E-03,-1.04E-01,-1.12E-01,9.01E-02
-4.60E-03,-1.24E-01,-1.12E-01,4.98E-02
-4.58E-03,-1.45E-01,-5.19E-02,4.98E-02
-4.55E-03,-1.24E-01,-1.12E-01,4.98E-02
-4.53E-03,-4.40E-02,-1.12E-01,4.98E-02
-4.50E-03,-4.40E-02,-3.18E-02,-3.06E-02
-4.48E-03,-1.85E-01,-9.21E-02,2.97E-02
-4.45E-03,-1.24E-01,-1.52E-01,9.01E-02
-4.43E-03,-8.42E-02,-1.72E-01,6.99E-02
-4.40E-03,-4.40E-02,-3.18E-02,1.30E-01
-4.38E-03,-1.24E-01,-1.12E-01,1.10E-01
-4.35E-03,-8.42E-02,-1.52E-01,4.98E-02
-4.33E-03,-1.45E-01,-1.52E-01,1.30E-01
-4.30E-03,-1.24E-01,-3.18E-02,4.98E-02
-4.28E-03,-1.24E-01,-1.72E-01,4.98E-02
-4.25E-03,-8.42E-02,-7.20E-02,1.70E-01
-4.23E-03,-1.24E-01,-1.72E-01,4.98E-02
-4.20E-03,-2.05E-01,-1.12E-01,1.30E-01
-4.18E-03,-1.24E-01,-1.32E-01,1.30E-01
-4.15E-03,-1.65E-01,-1.12E-01,1.30E-01
-4.13E-03,-6.41E-02,-1.12E-01,4.98E-02
-4.10E-03,-1.24E-01,-1.93E-01,4.98E-02
-4.08E-03,-1.65E-01,-3.18E-02,1.10E-01
-4.05E-03,-8.42E-02,-7.20E-02,4.98E-02
-4.03E-03,-4.40E-02,-7.20E-02,1.10E-01
-4.00E-03,-1.24E-01,-1.12E-01,-3.06E-02
-3.98E-03,-6.41E-02,-1.12E-01,4.98E-02
-3.95E-03,-8.42E-02,-7.20E-02,9.01E-02
-3.93E-03,-1.24E-01,-3.18E-02,1.10E-01
-3.90E-03,-4.40E-02,-1.12E-01,4.98E-02
-3.88E-03,-1.65E-01,-1.12E-01,9.01E-02
-3.85E-03,-1.65E-01,-7.20E-02,9.65E-03
-3.83E-03,-6.41E-02,-1.32E-01,1.10E-01
-3.80E-03,-4.40E-02,-1.93E-01,1.30E-01
-3.78E-03,-4.40E-02,-1.52E-01,6.99E-02
-3.75E-03,-8.42E-02,-3.18E-02,9.65E-03
-3.73E-03,-1.85E-01,-1.12E-01,1.10E-01
-3.70E-03,-1.24E-01,-1.12E-01,4.98E-02
-3.68E-03,-1.24E-01,-9.21E-02,1.30E-01
-3.65E-03,-1.65E-01,-1.12E-01,1.30E-01
-3.63E-03,-1.45E-01,-1.32E-01,4.98E-02
-3.60E-03,-2.05E-01,-2.73E-01,4.98E-02
-3.58E-03,-1.24E-01,-1.12E-01,1.91E-01
-3.55E-03,-1.24E-01,-1.52E-01,9.65E-03
-3.53E-03,-6.41E-02,-7.20E-02,4.98E-02
-3.50E-03,-4.40E-02,-1.12E-01,4.98E-02
-3.48E-03,-8.42E-02,-3.18E-02,9.01E-02
-3.45E-03,-1.24E-01,-1.52E-01,9.01E-02
-3.43E-03,-1.04E-01,-9.21E-02,1.30E-01
-3.40E-03,-2.05E-01,-1.12E-01,4.98E-02
-3.38E-03,-1.45E-01,-1.32E-01,4.98E-02
-3.35E-03,-1.24E-01,-1.52E-01,4.98E-02
-3.33E-03,-3.81E-03,-1.32E-01,1.30E-01
-3.30E-03,-4.40E-02,-3.18E-02,4.98E-02
-3.28E-03,-1.24E-01,-1.12E-01,4.98E-02
-3.25E-03,-1.24E-01,-1.12E-01,1.70E-01
-3.23E-03,-6.41E-02,-9.21E-02,4.98E-02
-3.20E-03,-2.05E-01,-3.18E-02,1.30E-01
-3.18E-03,-1.24E-01,-7.20E-02,4.98E-02
-3.15E-03,-3.81E-03,-1.52E-01,4.98E-02
-3.13E-03,-1.24E-01,-1.32E-01,1.10E-01
-3.10E-03,-1.24E-01,-3.18E-02,4.98E-02
-3.08E-03,-1.24E-01,-1.12E-01,1.10E-01
-3.05E-03,-1.24E-01,-1.12E-01,4.98E-02
-3.03E-03,-1.85E-01,-1.52E-01,1.10E-01
-3.00E-03,-2.05E-01,-1.12E-01,-3.06E-02
-2.98E-03,-6.41E-02,-1.72E-01,9.01E-02
-2.95E-03,-1.65E-01,-1.52E-01,1.30E-01
-2.93E-03,-1.04E-01,-9.21E-02,1.30E-01
-2.90E-03,-4.40E-02,-1.12E-01,4.98E-02
-2.88E-03,-1.24E-01,8.44E-03,1.10E-01
-2.85E-03,-1.24E-01,-1.52E-01,1.30E-01
-2.83E-03,-6.41E-02,-5.19E-02,1.10E-01
-2.80E-03,-4.40E-02,-1.12E-01,4.98E-02
-2.78E-03,-2.39E-02,-1.12E-01,9.01E-02
-2.75E-03,-4.40E-02,-1.52E-01,9.01E-02
-2.73E-03,-4.40E-02,-9.21E-02,6.99E-02
-2.70E-03,-4.40E-02,-2.73E-01,4.98E-02
-2.68E-03,-1.24E-01,-9.21E-02,-1.05E-02
-2.65E-03,-8.42E-02,-1.52E-01,4.98E-02
-2.63E-03,-4.40E-02,-7.20E-02,4.98E-02
-2.60E-03,-4.40E-02,-1.12E-01,4.98E-02
-2.58E-03,-2.39E-02,-3.18E-02,1.10E-01
-2.55E-03,-4.40E-02,2.42E+00,4.98E-02
-2.53E-03,-1.24E-01,4.95E+00,6.99E-02
-2.50E-03,-1.24E-01,4.95E+00,2.11E-01
-2.48E-03,-1.45E-01,4.93E+00,4.98E-02
-2.45E-03,-4.40E-02,4.95E+00,9.01E-02
-2.43E-03,-4.40E-02,4.99E+00,1.30E-01
-2.40E-03,-4.40E-02,5.03E+00,-3.06E-02
-2.38E-03,-1.04E-01,5.03E+00,4.98E-02
-2.35E-03,-8.42E-02,4.95E+00,1.30E-01
-2.33E-03,-1.85E-01,4.95E+00,1.30E-01
-2.30E-03,-1.24E-01,4.87E+00,4.98E-02
-2.28E-03,-1.04E-01,4.97E+00,1.10E-01
-2.25E-03,-1.65E-01,4.95E+00,4.98E-02
-2.23E-03,-1.04E-01,4.99E+00,6.99E-02
-2.20E-03,-1.24E-01,5.11E+00,4.98E-02
-2.18E-03,-6.41E-02,4.87E+00,-1.05E-02
-2.15E-03,-4.40E-02,4.95E+00,4.98E-02
-2.13E-03,-6.41E-02,4.95E+00,1.30E-01
-2.10E-03,-1.24E-01,4.95E+00,1.30E-01
-2.08E-03,-1.24E-01,4.91E+00,4.98E-02
-2.05E-03,-1.24E-01,4.99E+00,9.01E-02
-2.03E-03,-1.24E-01,4.95E+00,6.99E-02
-2.00E-03,-2.05E-01,5.03E+00,4.98E-02
-1.98E-03,-1.85E-01,4.99E+00,9.65E-03
-1.95E-03,-3.81E-03,4.87E+00,1.30E-01
-1.93E-03,-6.41E-02,4.87E+00,1.91E-01
-1.90E-03,-2.05E-01,5.03E+00,-3.06E-02
-1.88E-03,-1.24E-01,4.93E+00,4.98E-02
-1.85E-03,-1.65E-01,4.95E+00,1.30E-01
-1.83E-03,-1.04E-01,5.01E+00,4.98E-02
-1.80E-03,-4.40E-02,4.95E+00,1.30E-01
-1.78E-03,-6.41E-02,4.97E+00,9.01E-02
-1.75E-03,-4.40E-02,4.91E+00,9.01E-02
-1.73E-03,-4.40E-02,5.07E+00,2.97E-02
-1.70E-03,-4.40E-02,4.87E+00,4.98E-02
-1.68E-03,-1.04E-01,4.95E+00,1.91E-01
-1.65E-03,-4.40E-02,4.91E+00,9.01E-02
-1.63E-03,-1.24E-01,4.91E+00,9.65E-03
-1.60E-03,-1.24E-01,4.95E+00,1.30E-01
-1.58E-03,-4.40E-02,5.01E+00,1.50E-01
-1.55E-03,-2.05E-01,4.95E+00,9.01E-02
-1.53E-03,-1.24E-01,4.89E+00,6.99E-02
-1.50E-03,-2.05E-01,4.95E+00,1.30E-01
-1.48E-03,-6.41E-02,4.93E+00,9.65E-03
-1.45E-03,-1.24E-01,4.99E+00,4.98E-02
-1.43E-03,-6.41E-02,5.01E+00,6.99E-02
-1.40E-03,-4.40E-02,4.95E+00,4.98E-02
-1.38E-03,-1.24E-01,4.89E+00,1.30E-01
-1.35E-03,-1.24E-01,4.99E+00,9.01E-02
-1.33E-03,-1.85E-01,4.93E+00,6.99E-02
-1.30E-03,-1.24E-01,5.03E+00,4.98E-02
-1.28E-03,-1.04E-01,5.01E+00,1.30E-01
-1.25E-03,-4.40E-02,4.95E+00,9.65E-03
-1.23E-03,-3.81E-03,4.99E+00,1.30E-01
-1.20E-03,-1.24E-01,5.03E+00,4.98E-02
-1.18E-03,-2.39E-02,4.93E+00,4.98E-02
-1.15E-03,-4.40E-02,4.95E+00,4.98E-02
-1.13E-03,-1.24E-01,5.03E+00,4.98E-02
-1.10E-03,-4.40E-02,4.87E+00,4.98E-02
-1.08E-03,-4.40E-02,4.89E+00,1.10E-01
-1.05E-03,-8.42E-02,4.91E+00,9.01E-02
-1.03E-03,-4.40E-02,4.95E+00,4.98E-02
-1.00E-03,-1.24E-01,4.87E+00,1.30E-01
-9.75E-04,-1.04E-01,4.95E+00,6.99E-02
-9.50E-04,-1.24E-01,4.91E+00,1.30E-01
-9.25E-04,-4.40E-02,5.01E+00,-3.06E-02
-9.00E-04,3.64E-02,4.87E+00,4.98E-02
-8.75E-04,-4.40E-02,4.93E+00,-1.05E-02
-8.50E-04,-1.24E-01,4.95E+00,9.01E-02
-8.25E-04,-1.04E-01,5.03E+00,1.10E-01
-8.00E-04,-4.40E-02,5.03E+00,4.98E-02
-7.75E-04,-6.41E-02,4.87E+00,9.65E-03
-7.50E-04,-4.40E-02,4.91E+00,9.01E-02
-7.25E-04,-8.42E-02,5.01E+00,9.01E-02
-7.00E-04,-1.24E-01,5.03E+00,4.98E-02
-6.75E-04,-4.40E-02,4.89E+00,9.65E-03
-6.50E-04,-8.42E-02,4.91E+00,4.98E-02
-6.25E-04,-4.40E-02,4.97E+00,2.97E-02
-6.00E-04,-4.40E-02,5.03E+00,4.98E-02
-5.75E-04,-1.04E-01,4.93E+00,1.30E-01
-5.50E-04,-1.24E-01,4.95E+00,4.98E-02
-5.25E-04,-4.40E-02,4.99E+00,6.99E-02
-5.00E-04,-1.24E-01,4.87E+00,4.98E-02
-4.75E-04,-1.24E-01,4.95E+00,1.91E-01
-4.50E-04,-1.24E-01,4.91E+00,1.30E-01
-4.25E-04,-4.40E-02,4.95E+00,6.99E-02
-4.00E-04,-2.05E-01,5.03E+00,4.98E-02
-3.75E-04,-1.65E-01,4.89E+00,4.98E-02
-3.50E-04,-8.42E-02,4.95E+00,1.30E-01
-3.25E-04,-2.39E-02,4.91E+00,6.99E-02
-3.00E-04,-4.40E-02,4.95E+00,4.98E-02
-2.75E-04,-6.41E-02,4.89E+00,-1.05E-02
-2.50E-04,-8.42E-02,4.91E+00,4.98E-02
-2.25E-04,-1.24E-01,4.97E+00,2.97E-02
-2.00E-04,-4.40E-02,4.95E+00,4.98E-02
-1.75E-04,-4.40E-02,4.89E+00,1.10E-01
-1.50E-04,-1.24E-01,4.95E+00,9.01E-02
-1.25E-04,1.63E-02,4.95E+00,1.10E-01
-1.00E-04,-1.24E-01,4.95E+00,1.30E-01
-7.50E-05,-8.42E-02,4.95E+00,6.99E-02
-5.00E-05,-8.42E-02,4.95E+00,1.30E-01
-2.50E-05,-1.45E-01,-1.93E-01,6.99E-02
0.00E+00,4.94E+00,-1.12E-01,1.30E-01
2.50E-05,5.00E+00,8.44E-03,9.01E-02
5.00E-05,4.94E+00,-1.12E-01,9.01E-02
7.50E-05,5.00E+00,-1.12E-01,4.98E-02
1.00E-04,5.02E+00,-1.12E-01,1.30E-01
1.25E-04,4.90E+00,-1.32E-01,6.99E-02
1.50E-04,4.98E+00,-1.52E-01,9.01E-02
1.75E-04,5.02E+00,-1.12E-01,4.98E-02
2.00E-04,4.94E+00,-1.93E-01,4.98E-02
2.25E-04,4.94E+00,-5.19E-02,6.99E-02
2.50E-04,5.02E+00,-1.12E-01,9.65E-03
2.75E-04,5.00E+00,-1.12E-01,1.10E-01
3.00E-04,4.94E+00,-3.18E-02,4.98E-02
3.25E-04,4.94E+00,-1.32E-01,9.65E-03
3.50E-04,5.02E+00,-1.12E-01,4.98E-02
3.75E-04,4.96E+00,-1.72E-01,1.30E-01
4.00E-04,4.94E+00,-1.12E-01,2.11E-01
4.25E-04,4.96E+00,-1.12E-01,6.99E-02
4.50E-04,4.90E+00,-1.12E-01,9.01E-02
4.75E-04,5.02E+00,-5.19E-02,4.98E-02
5.00E-04,5.02E+00,-1.12E-01,4.98E-02
5.25E-04,5.00E+00,-5.19E-02,9.65E-03
5.50E-04,5.02E+00,-7.20E-02,1.70E-01
5.75E-04,4.94E+00,-1.93E-01,1.10E-01
6.00E-04,4.94E+00,-1.12E-01,-3.06E-02
6.25E-04,5.04E+00,-1.72E-01,-1.05E-02
6.50E-04,4.98E+00,-7.20E-02,9.01E-02
6.75E-04,5.02E+00,-7.20E-02,4.98E-02
7.00E-04,4.94E+00,4.86E-02,4.98E-02
7.25E-04,4.94E+00,-1.12E-01,1.10E-01
7.50E-04,4.94E+00,-1.12E-01,4.98E-02
7.75E-04,4.90E+00,-5.19E-02,1.70E-01
8.00E-04,4.94E+00,-1.12E-01,-3.06E-02
8.25E-04,5.00E+00,-1.12E-01,-3.06E-02
8.50E-04,4.98E+00,-1.52E-01,9.01E-02
8.75E-04,4.88E+00,-1.12E-01,6.99E-02
9.00E-04,4.94E+00,-1.12E-01,1.30E-01
9.25E-04,5.02E+00,-1.32E-01,4.98E-02
9.50E-04,4.98E+00,-7.20E-02,9.01E-02
9.75E-04,5.06E+00,-1.12E-01,9.65E-03
1.00E-03,4.94E+00,-3.18E-02,1.30E-01
1.03E-03,4.92E+00,-2.13E-01,2.97E-02
1.05E-03,5.02E+00,-1.52E-01,1.30E-01
1.08E-03,4.88E+00,-9.21E-02,6.99E-02
1.10E-03,4.86E+00,-1.12E-01,1.30E-01
1.13E-03,5.02E+00,-1.12E-01,1.10E-01
1.15E-03,4.94E+00,-1.12E-01,4.98E-02
1.18E-03,4.98E+00,-1.12E-01,1.30E-01
1.20E-03,4.94E+00,-1.12E-01,1.30E-01
1.23E-03,5.00E+00,-1.12E-01,1.10E-01
1.25E-03,4.90E+00,-1.52E-01,9.01E-02
1.28E-03,4.94E+00,-5.19E-02,4.98E-02
1.30E-03,5.02E+00,-1.12E-01,1.30E-01
1.33E-03,5.00E+00,-1.32E-01,2.97E-02
1.35E-03,5.06E+00,-1.12E-01,4.98E-02
1.38E-03,4.94E+00,-7.20E-02,1.70E-01
1.40E-03,5.02E+00,-1.12E-01,4.98E-02
1.43E-03,4.90E+00,-1.17E-02,9.01E-02
1.45E-03,4.98E+00,-3.18E-02,9.01E-02
1.48E-03,5.02E+00,-1.12E-01,2.97E-02
1.50E-03,5.02E+00,-3.18E-02,1.30E-01
1.53E-03,4.94E+00,-1.32E-01,9.65E-03
1.55E-03,4.94E+00,-3.18E-02,4.98E-02
1.58E-03,4.96E+00,-7.20E-02,1.10E-01
1.60E-03,5.02E+00,-3.18E-02,-3.06E-02
1.63E-03,4.94E+00,-1.52E-01,1.30E-01
1.65E-03,4.98E+00,-1.52E-01,9.65E-03
1.68E-03,4.90E+00,-1.12E-01,1.30E-01
1.70E-03,4.94E+00,-3.18E-02,-3.06E-02
1.73E-03,4.96E+00,-1.32E-01,9.01E-02
1.75E-03,4.94E+00,-1.12E-01,4.98E-02
1.78E-03,4.94E+00,-7.20E-02,1.10E-01
1.80E-03,4.78E+00,-3.18E-02,1.30E-01
1.83E-03,5.06E+00,-9.21E-02,6.99E-02
1.85E-03,4.94E+00,-1.52E-01,4.98E-02
1.88E-03,4.96E+00,8.44E-03,2.97E-02
1.90E-03,5.02E+00,-1.12E-01,4.98E-02
1.93E-03,5.00E+00,-9.21E-02,2.97E-02
1.95E-03,4.94E+00,-1.52E-01,9.01E-02
1.98E-03,5.06E+00,-1.72E-01,1.70E-01
2.00E-03,5.02E+00,-1.12E-01,4.98E-02
2.03E-03,4.94E+00,4.86E-02,2.97E-02
2.05E-03,4.94E+00,-1.12E-01,1.30E-01
2.08E-03,5.00E+00,-1.12E-01,1.10E-01
2.10E-03,5.02E+00,-1.12E-01,4.98E-02
2.13E-03,4.90E+00,-1.12E-01,1.10E-01
2.15E-03,5.02E+00,-1.12E-01,9.01E-02
2.18E-03,4.92E+00,-1.12E-01,1.10E-01
2.20E-03,5.10E+00,-1.12E-01,4.98E-02
2.23E-03,4.88E+00,-1.72E-01,1.50E-01
2.25E-03,4.94E+00,-1.12E-01,4.98E-02
2.28E-03,4.94E+00,-1.32E-01,4.27E+00
2.30E-03,5.10E+00,-1.12E-01,4.31E+00
2.33E-03,4.94E+00,-5.19E-02,4.25E+00
2.35E-03,4.98E+00,-1.12E-01,4.23E+00
2.38E-03,4.90E+00,-9.21E-02,4.23E+00
2.40E-03,5.02E+00,-1.12E-01,4.23E+00
2.43E-03,4.94E+00,-5.19E-02,4.23E+00
2.45E-03,4.94E+00,2.46E+00,4.23E+00
2.48E-03,4.96E+00,5.01E+00,4.23E+00
2.50E-03,4.94E+00,4.95E+00,4.23E+00
2.53E-03,4.88E+00,4.89E+00,4.29E+00
2.55E-03,4.94E+00,4.99E+00,4.27E+00
2.58E-03,4.96E+00,4.95E+00,4.31E+00
2.60E-03,4.94E+00,4.95E+00,4.23E+00
2.63E-03,4.90E+00,4.89E+00,4.29E+00
2.65E-03,5.02E+00,4.95E+00,4.31E+00
2.68E-03,4.92E+00,5.03E+00,4.23E+00
2.70E-03,4.94E+00,4.95E+00,4.23E+00
2.73E-03,5.00E+00,5.01E+00,4.23E+00
2.75E-03,4.98E+00,4.91E+00,4.23E+00
2.78E-03,4.96E+00,4.95E+00,4.31E+00
2.80E-03,4.86E+00,4.95E+00,4.23E+00
2.83E-03,4.90E+00,4.97E+00,4.29E+00
2.85E-03,4.94E+00,4.99E+00,4.23E+00
2.88E-03,4.94E+00,4.87E+00,4.17E+00
2.90E-03,4.94E+00,4.95E+00,4.23E+00
2.93E-03,4.96E+00,5.01E+00,4.33E+00
2.95E-03,4.98E+00,4.91E+00,4.27E+00
2.98E-03,4.90E+00,4.95E+00,4.25E+00
3.00E-03,4.86E+00,5.03E+00,4.23E+00
3.03E-03,5.04E+00,4.89E+00,4.29E+00
3.05E-03,4.94E+00,4.91E+00,4.31E+00
3.08E-03,5.00E+00,4.95E+00,4.27E+00
3.10E-03,4.86E+00,4.95E+00,4.23E+00
3.13E-03,4.94E+00,5.03E+00,4.29E+00
3.15E-03,4.94E+00,5.03E+00,4.23E+00
3.18E-03,4.96E+00,4.97E+00,4.29E+00
3.20E-03,4.86E+00,5.03E+00,4.15E+00
3.23E-03,4.92E+00,4.97E+00,4.23E+00
3.25E-03,4.94E+00,4.99E+00,4.19E+00
3.28E-03,5.02E+00,5.01E+00,4.29E+00
3.30E-03,4.94E+00,5.03E+00,4.39E+00
3.33E-03,5.00E+00,4.97E+00,4.21E+00
3.35E-03,5.02E+00,4.99E+00,4.27E+00
3.38E-03,4.94E+00,4.89E+00,4.25E+00
3.40E-03,4.86E+00,4.95E+00,4.31E+00
3.43E-03,4.94E+00,4.89E+00,4.17E+00
3.45E-03,4.94E+00,5.03E+00,4.27E+00
3.48E-03,4.94E+00,5.03E+00,4.23E+00
3.50E-03,4.94E+00,4.95E+00,4.23E+00
3.53E-03,4.94E+00,4.95E+00,4.13E+00
3.55E-03,4.94E+00,4.99E+00,4.31E+00
3.58E-03,4.94E+00,5.01E+00,4.17E+00
3.60E-03,4.94E+00,4.87E+00,4.15E+00
3.63E-03,4.92E+00,4.93E+00,4.31E+00
3.65E-03,4.94E+00,4.91E+00,4.27E+00
3.68E-03,4.88E+00,4.95E+00,4.29E+00
3.70E-03,5.02E+00,4.95E+00,4.23E+00
3.73E-03,4.92E+00,4.95E+00,4.23E+00
3.75E-03,4.94E+00,4.95E+00,4.19E+00
3.78E-03,4.94E+00,4.93E+00,4.23E+00
3.80E-03,5.02E+00,4.95E+00,4.31E+00
3.83E-03,5.00E+00,5.01E+00,4.23E+00
3.85E-03,4.98E+00,4.95E+00,4.19E+00
3.88E-03,4.92E+00,4.93E+00,4.23E+00
3.90E-03,4.94E+00,5.03E+00,4.23E+00
3.93E-03,5.00E+00,4.95E+00,4.23E+00
3.95E-03,4.94E+00,4.91E+00,4.23E+00
3.98E-03,4.96E+00,4.95E+00,4.23E+00
4.00E-03,4.94E+00,4.95E+00,4.23E+00
4.03E-03,4.88E+00,4.91E+00,4.23E+00
4.05E-03,4.94E+00,4.91E+00,4.19E+00
4.08E-03,5.00E+00,4.95E+00,4.25E+00
4.10E-03,4.86E+00,4.95E+00,4.23E+00
4.13E-03,4.94E+00,4.89E+00,4.25E+00
4.15E-03,4.90E+00,4.95E+00,4.19E+00
4.18E-03,4.86E+00,4.89E+00,4.21E+00
4.20E-03,4.94E+00,4.95E+00,4.31E+00
4.23E-03,5.02E+00,4.95E+00,4.21E+00
4.25E-03,4.98E+00,4.99E+00,4.27E+00
4.28E-03,4.92E+00,4.95E+00,4.21E+00
4.30E-03,4.94E+00,4.95E+00,4.23E+00
4.33E-03,4.94E+00,4.93E+00,4.23E+00
4.35E-03,4.98E+00,4.99E+00,4.23E+00
4.38E-03,4.96E+00,4.89E+00,4.31E+00
4.40E-03,4.94E+00,5.03E+00,4.23E+00
4.43E-03,4.94E+00,4.93E+00,4.17E+00
4.45E-03,4.90E+00,4.99E+00,4.23E+00
4.48E-03,4.94E+00,4.89E+00,4.17E+00
4.50E-03,4.86E+00,4.95E+00,4.23E+00
4.53E-03,4.96E+00,4.93E+00,4.27E+00
4.55E-03,4.94E+00,4.95E+00,4.31E+00
4.58E-03,4.86E+00,5.01E+00,4.17E+00
4.60E-03,5.02E+00,4.95E+00,4.23E+00
4.63E-03,4.88E+00,5.01E+00,4.15E+00
4.65E-03,4.98E+00,4.87E+00,4.19E+00
4.68E-03,4.86E+00,4.97E+00,4.23E+00
4.70E-03,4.86E+00,4.87E+00,4.23E+00
4.73E-03,4.90E+00,4.89E+00,4.11E+00
4.75E-03,4.98E+00,4.95E+00,4.23E+00
4.78E-03,4.98E+00,4.95E+00,4.21E+00
4.80E-03,4.94E+00,5.03E+00,4.98E-02
4.83E-03,4.92E+00,4.93E+00,2.97E-02
4.85E-03,4.98E+00,4.91E+00,9.65E-03
4.88E-03,4.88E+00,4.97E+00,9.01E-02
4.90E-03,5.02E+00,4.87E+00,1.30E-01
4.93E-03,4.92E+00,4.93E+00,-1.05E-02
4.95E-03,4.90E+00,4.99E+00,9.01E-02
4.98E-03,4.94E+00,-1.32E-01,1.30E-01
5.00E-03,-1.24E-01,-1.12E-01,4.98E-02
5.03E-03,-1.24E-01,-1.12E-01,6.99E-02
5.05E-03,-1.24E-01,-7.20E-02,4.98E-02
5.08E-03,-1.85E-01,-1.12E-01,4.98E-02
5.10E-03,-2.05E-01,-1.12E-01,-3.06E-02
5.13E-03,-4.40E-02,-2.13E-01,1.30E-01
5.15E-03,-1.24E-01,-1.52E-01,1.30E-01
5.18E-03,-1.85E-01,-1.12E-01,6.99E-02
5.20E-03,-1.24E-01,-1.12E-01,4.98E-02
5.23E-03,-1.65E-01,-9.21E-02,2.97E-02
5.25E-03,-8.42E-02,-1.12E-01,4.98E-02
5.28E-03,-6.41E-02,-1.52E-01,1.30E-01
5.30E-03,-2.05E-01,-1.12E-01,4.98E-02
5.33E-03,-2.05E-01,-9.21E-02,4.98E-02
5.35E-03,-8.42E-02,-1.12E-01,4.98E-02
5.38E-03,-1.85E-01,-1.12E-01,9.01E-02
5.40E-03,-4.40E-02,-1.93E-01,1.30E-01
5.43E-03,-1.24E-01,-1.12E-01,1.30E-01
5.45E-03,-1.24E-01,-1.52E-01,4.98E-02
5.48E-03,-1.24E-01,-9.21E-02,-3.06E-02
5.50E-03,-1.24E-01,-1.93E-01,4.98E-02
5.53E-03,-1.24E-01,-1.32E-01,6.99E-02
5.55E-03,-1.65E-01,-1.52E-01,9.01E-02
5.58E-03,-1.85E-01,-1.32E-01,4.98E-02
5.60E-03,-1.24E-01,-1.93E-01,4.98E-02
5.63E-03,-1.24E-01,-5.19E-02,6.99E-02
5.65E-03,-8.42E-02,-1.12E-01,4.98E-02
5.68E-03,-1.24E-01,-1.32E-01,-1.05E-02
5.70E-03,-1.24E-01,-1.12E-01,2.11E-01
5.73E-03,-1.04E-01,-1.12E-01,4.98E-02
5.75E-03,-1.24E-01,-1.93E-01,9.65E-03
5.78E-03,-1.24E-01,-1.12E-01,1.10E-01
5.80E-03,-4.40E-02,-1.93E-01,4.98E-02
5.83E-03,-6.41E-02,-7.20E-02,6.99E-02
5.85E-03,-1.65E-01,-1.52E-01,1.30E-01
5.88E-03,-1.04E-01,-5.19E-02,9.65E-03
5.90E-03,-2.05E-01,-1.93E-01,4.98E-02
5.93E-03,-1.45E-01,-1.32E-01,9.01E-02
5.95E-03,-8.42E-02,-1.93E-01,4.98E-02
5.98E-03,-1.04E-01,-5.19E-02,1.10E-01
6.00E-03,-2.05E-01,-1.12E-01,4.98E-02
6.03E-03,-1.24E-01,-1.12E-01,1.10E-01
6.05E-03,-8.42E-02,-7.20E-02,4.98E-02
6.08E-03,-1.45E-01,-5.19E-02,1.10E-01
6.10E-03,-1.24E-01,-1.12E-01,-3.06E-02
6.13E-03,-1.24E-01,-1.12E-01,4.98E-02
6.15E-03,-1.24E-01,-1.12E-01,9.01E-02
6.18E-03,-1.85E-01,-1.12E-01,9.01E-02
6.20E-03,-1.24E-01,-1.12E-01,-3.06E-02
6.23E-03,-6.41E-02,-1.12E-01,1.50E-01
6.25E-03,-1.24E-01,-1.12E-01,9.65E-03
6.28E-03,-1.04E-01,-7.20E-02,1.30E-01
6.30E-03,-2.05E-01,-1.12E-01,1.30E-01
6.33E-03,-1.24E-01,-1.12E-01,-1.05E-02
6.35E-03,-1.24E-01,-1.12E-01,1.30E-01
6.38E-03,-1.85E-01,-7.20E-02,1.30E-01
6.40E-03,-1.24E-01,-1.93E-01,-3.06E-02
6.43E-03,-1.04E-01,-1.12E-01,4.98E-02
6.45E-03,-1.65E-01,-1.12E-01,4.98E-02
6.48E-03,-4.40E-02,2.85E-02,-1.05E-02
6.50E-03,-1.24E-01,-1.12E-01,4.98E-02
6.53E-03,-1.45E-01,-1.12E-01,6.99E-02
6.55E-03,-8.42E-02,-1.12E-01,9.65E-03
6.58E-03,-1.45E-01,-5.19E-02,4.98E-02
6.60E-03,-4.40E-02,-1.12E-01,4.98E-02
6.63E-03,-1.04E-01,-1.12E-01,1.10E-01
6.65E-03,-8.42E-02,-1.12E-01,4.98E-02
6.68E-03,-1.24E-01,-5.19E-02,1.10E-01
6.70E-03,-1.24E-01,-1.12E-01,1.30E-01
6.73E-03,-1.24E-01,-1.12E-01,9.01E-02
6.75E-03,-8.42E-02,-1.12E-01,4.98E-02
6.78E-03,-6.41E-02,-5.19E-02,1.30E-01
6.80E-03,-4.40E-02,-1.93E-01,-3.06E-02
6.83E-03,-2.05E-01,-1.12E-01,4.98E-02
6.85E-03,-4.40E-02,-1.12E-01,1.30E-01
6.88E-03,-6.41E-02,-1.12E-01,4.98E-02
6.90E-03,-1.24E-01,-1.12E-01,4.98E-02
6.93E-03,-1.04E-01,-5.19E-02,6.99E-02
6.95E-03,-8.42E-02,-1.12E-01,1.30E-01
6.98E-03,-1.24E-01,-5.19E-02,4.98E-02
7.00E-03,-4.40E-02,-1.12E-01,4.98E-02
7.03E-03,-1.04E-01,-1.12E-01,4.98E-02
7.05E-03,-1.65E-01,-1.52E-01,1.30E-01
7.08E-03,-1.04E-01,-5.19E-02,-1.05E-02
7.10E-03,-1.24E-01,-3.18E-02,4.98E-02
7.13E-03,-8.42E-02,-1.12E-01,6.99E-02
7.15E-03,-8.42E-02,-7.20E-02,9.01E-02
7.18E-03,-1.24E-01,-1.93E-01,4.98E-02
7.20E-03,-1.24E-01,-1.12E-01,1.30E-01
7.23E-03,-1.24E-01,-1.12E-01,4.98E-02
7.25E-03,-1.24E-01,-7.20E-02,9.01E-02
7.28E-03,-6.41E-02,-1.12E-01,4.98E-02
7.30E-03,-4.40E-02,-3.18E-02,1.30E-01
7.33E-03,-1.24E-01,-1.12E-01,2.97E-02
7.35E-03,-1.24E-01,-1.52E-01,1.30E-01
7.38E-03,-1.24E-01,-1.12E-01,1.10E-01
7.40E-03,-1.24E-01,-1.12E-01,4.98E-02
7.43E-03,-4.40E-02,-1.12E-01,6.99E-02
7.45E-03,-8.42E-02,4.11E+00,1.30E-01
7.48E-03,-1.24E-01,5.03E+00,-3.06E-02
7.50E-03,-4.40E-02,4.95E+00,1.30E-01
7.53E-03,-1.24E-01,5.01E+00,1.10E-01
7.55E-03,-4.40E-02,4.95E+00,1.30E-01
7.58E-03,-1.24E-01,4.93E+00,4.98E-02
7.60E-03,-1.24E-01,4.95E+00,4.98E-02
7.63E-03,-4.40E-02,5.01E+00,4.98E-02
7.65E-03,-8.42E-02,4.95E+00,9.65E-03
7.68E-03,-1.24E-01,4.97E+00,4.98E-02
7.70E-03,-1.24E-01,4.87E+00,-3.06E-02
7.73E-03,-1.65E-01,4.97E+00,1.10E-01
7.75E-03,-1.24E-01,4.95E+00,4.98E-02
7.78E-03,-6.41E-02,5.03E+00,1.10E-01
7.80E-03,-1.24E-01,5.03E+00,4.98E-02
7.83E-03,-6.41E-02,4.95E+00,6.99E-02
7.85E-03,-1.24E-01,5.03E+00,1.30E-01
7.88E-03,-6.41E-02,5.07E+00,1.10E-01
7.90E-03,-2.05E-01,5.03E+00,-3.06E-02
7.93E-03,-1.24E-01,4.95E+00,1.10E-01
7.95E-03,-4.40E-02,4.91E+00,1.30E-01
7.98E-03,-1.04E-01,4.95E+00,1.30E-01
8.00E-03,-1.24E-01,4.87E+00,-3.06E-02
8.03E-03,-1.04E-01,4.89E+00,6.99E-02
8.05E-03,-4.40E-02,4.95E+00,4.98E-02
8.08E-03,-1.04E-01,4.97E+00,2.97E-02
8.10E-03,-4.40E-02,5.03E+00,1.30E-01
8.13E-03,-4.40E-02,4.95E+00,1.10E-01
8.15E-03,-1.24E-01,4.95E+00,4.98E-02
8.18E-03,-1.24E-01,5.05E+00,1.30E-01
8.20E-03,-1.24E-01,5.03E+00,2.11E-01
8.23E-03,-1.24E-01,4.97E+00,4.98E-02
8.25E-03,-1.24E-01,4.95E+00,9.65E-03
8.28E-03,-1.04E-01,4.93E+00,2.97E-02
8.30E-03,-4.40E-02,4.95E+00,1.30E-01
8.33E-03,-1.04E-01,4.95E+00,1.30E-01
8.35E-03,-1.24E-01,4.99E+00,4.98E-02
8.38E-03,-1.04E-01,5.01E+00,-1.05E-02
8.40E-03,-4.40E-02,5.03E+00,1.30E-01
8.43E-03,-1.24E-01,4.93E+00,1.10E-01
8.45E-03,-8.42E-02,4.91E+00,9.01E-02
8.48E-03,-6.41E-02,4.95E+00,4.98E-02
8.50E-03,-4.40E-02,4.95E+00,4.98E-02
8.53E-03,3.64E-02,4.95E+00,4.98E-02
8.55E-03,-4.40E-02,4.91E+00,4.98E-02
8.58E-03,-1.85E-01,4.95E+00,1.70E-01
8.60E-03,-1.24E-01,4.87E+00,1.30E-01
8.63E-03,-6.41E-02,4.97E+00,6.99E-02
8.65E-03,-8.42E-02,4.95E+00,9.01E-02
8.68E-03,-6.41E-02,4.91E+00,4.98E-02
8.70E-03,-4.40E-02,4.87E+00,4.98E-02
8.73E-03,-4.40E-02,4.95E+00,4.98E-02
8.75E-03,-8.42E-02,4.91E+00,9.65E-03
8.78E-03,-4.40E-02,4.97E+00,1.70E-01
8.80E-03,-1.24E-01,4.95E+00,4.98E-02
8.83E-03,-4.40E-02,4.95E+00,6.99E-02
8.85E-03,-1.65E-01,4.95E+00,4.98E-02
8.88E-03,-6.41E-02,4.93E+00,6.99E-02
8.90E-03,-4.40E-02,4.87E+00,1.30E-01
8.93E-03,-4.40E-02,5.01E+00,1.50E-01
8.95E-03,-4.40E-02,4.87E+00,1.30E-01
8.98E-03,-1.04E-01,4.95E+00,4.98E-02
9.00E-03,-1.24E-01,4.87E+00,1.30E-01
9.03E-03,-1.24E-01,4.99E+00,1.10E-01
9.05E-03,3.64E-02,4.95E+00,1.70E-01
9.08E-03,-1.04E-01,4.99E+00,4.98E-02
9.10E-03,-1.24E-01,4.95E+00,4.98E-02
9.13E-03,-1.24E-01,4.95E+00,4.98E-02
9.15E-03,-4.40E-02,4.99E+00,9.01E-02
9.18E-03,-1.65E-01,4.89E+00,1.30E-01
9.20E-03,-4.40E-02,4.87E+00,1.30E-01
9.23E-03,-1.04E-01,4.93E+00,-1.05E-02
9.25E-03,-1.24E-01,4.95E+00,4.98E-02
9.28E-03,-6.41E-02,4.95E+00,4.98E-02
9.30E-03,-1.24E-01,4.87E+00,4.98E-02
9.33E-03,-1.04E-01,4.97E+00,2.97E-02
9.35E-03,-8.42E-02,4.95E+00,9.01E-02
9.38E-03,-6.41E-02,4.95E+00,6.99E-02
9.40E-03,-1.24E-01,5.03E+00,1.30E-01
9.43E-03,-6.41E-02,4.95E+00,6.99E-02
9.45E-03,-1.24E-01,4.91E+00,9.01E-02
9.48E-03,-1.04E-01,4.87E+00,1.30E-01
9.50E-03,-1.24E-01,5.03E+00,-3.06E-02
9.53E-03,-4.40E-02,5.01E+00,1.50E-01
9.55E-03,-8.42E-02,4.95E+00,1.30E-01
9.58E-03,-6.41E-02,4.99E+00,1.50E-01
9.60E-03,-1.24E-01,4.87E+00,4.98E-02
9.63E-03,-4.40E-02,4.97E+00,1.30E-01
9.65E-03,-1.65E-01,4.99E+00,9.01E-02
9.68E-03,-1.24E-01,4.95E+00,-1.05E-02
9.70E-03,3.64E-02,4.95E+00,-3.06E-02
9.73E-03,-1.04E-01,4.95E+00,1.10E-01
9.75E-03,-4.40E-02,4.99E+00,9.01E-02
9.78E-03,-6.41E-02,4.93E+00,4.98E-02
9.80E-03,-1.24E-01,4.95E+00,1.30E-01
9.83E-03,-6.41E-02,4.87E+00,1.10E-01
9.85E-03,-1.24E-01,4.99E+00,9.01E-02
9.88E-03,-1.04E-01,4.93E+00,1.30E-01
9.90E-03,-4.40E-02,5.03E+00,4.98E-02
9.93E-03,-1.24E-01,4.95E+00,1.30E-01
9.95E-03,-1.24E-01,4.99E+00,9.01E-02
9.98E-03,-2.39E-02,-1.12E-01,9.65E-03
1.00E-02,4.94E+00,-3.18E-02,4.98E-02
1.00E-02,5.00E+00,-1.93E-01,1.30E-01
1.01E-02,5.02E+00,-1.93E-01,1.70E-01
1.01E-02,4.94E+00,-5.19E-02,6.99E-02
1.01E-02,5.02E+00,-3.18E-02,1.30E-01
1.01E-02,4.94E+00,-1.72E-01,1.10E-01
1.02E-02,4.98E+00,-1.93E-01,1.70E-01
1.02E-02,4.90E+00,-1.72E-01,1.10E-01
1.02E-02,5.02E+00,-1.12E-01,1.30E-01
1.02E-02,5.00E+00,-1.72E-01,1.10E-01
1.03E-02,5.02E+00,-7.20E-02,4.98E-02
1.03E-02,4.94E+00,-9.21E-02,6.99E-02
1.03E-02,4.94E+00,-3.18E-02,4.98E-02
1.03E-02,4.96E+00,-9.21E-02,1.10E-01
1.04E-02,4.94E+00,-1.52E-01,4.98E-02
1.04E-02,5.02E+00,8.44E-03,1.50E-01
1.04E-02,4.94E+00,-1.12E-01,4.98E-02
1.04E-02,4.94E+00,-1.12E-01,6.99E-02
1.05E-02,4.98E+00,-1.12E-01,9.01E-02
1.05E-02,5.02E+00,-5.19E-02,6.99E-02
1.05E-02,5.10E+00,-1.12E-01,-3.06E-02
1.05E-02,4.96E+00,-1.72E-01,1.30E-01
1.06E-02,4.94E+00,-1.12E-01,4.98E-02
1.06E-02,5.00E+00,-1.12E-01,6.99E-02
1.06E-02,4.86E+00,-1.12E-01,4.98E-02
1.06E-02,5.02E+00,-3.18E-02,1.10E-01
1.07E-02,4.94E+00,-1.12E-01,4.98E-02
1.07E-02,4.96E+00,-5.19E-02,1.30E-01
1.07E-02,4.94E+00,-1.93E-01,4.98E-02
1.07E-02,4.92E+00,-5.19E-02,1.10E-01
1.08E-02,4.94E+00,-1.12E-01,4.98E-02
1.08E-02,4.98E+00,-1.32E-01,4.98E-02
1.08E-02,5.02E+00,-1.12E-01,4.98E-02
1.08E-02,4.96E+00,-9.21E-02,4.98E-02
1.09E-02,5.02E+00,-1.52E-01,9.01E-02
1.09E-02,5.02E+00,-1.12E-01,1.70E-01
1.09E-02,4.94E+00,-1.12E-01,1.30E-01
1.09E-02,4.94E+00,-1.72E-01,1.10E-01
1.10E-02,4.94E+00,-3.18E-02,9.01E-02
1.10E-02,4.94E+00,-1.72E-01,2.97E-02
1.10E-02,4.86E+00,-1.12E-01,1.30E-01
1.10E-02,4.94E+00,-9.21E-02,1.50E-01
1.11E-02,4.98E+00,-1.52E-01,1.30E-01
1.11E-02,5.00E+00,-1.52E-01,-3.06E-02
1.11E-02,4.78E+00,-1.12E-01,4.98E-02
1.11E-02,4.94E+00,-1.12E-01,2.97E-02
1.12E-02,4.94E+00,-7.20E-02,9.01E-02
1.12E-02,4.94E+00,-9.21E-02,6.99E-02
1.12E-02,4.94E+00,-1.12E-01,1.30E-01
1.12E-02,4.94E+00,-1.72E-01,1.10E-01
1.13E-02,4.94E+00,-1.52E-01,9.01E-02
1.13E-02,5.00E+00,-5.19E-02,4.98E-02
1.13E-02,5.02E+00,-1.93E-01,4.98E-02
1.13E-02,4.94E+00,-9.21E-02,6.99E-02
1.14E-02,4.94E+00,-7.20E-02,9.01E-02
1.14E-02,5.02E+00,-5.19E-02,6.99E-02
1.14E-02,4.94E+00,-1.12E-01,1.30E-01
1.14E-02,5.02E+00,-5.19E-02,1.30E-01
1.15E-02,4.94E+00,-1.12E-01,9.01E-02
1.15E-02,4.94E+00,-1.17E-02,1.10E-01
1.15E-02,4.94E+00,-1.93E-01,1.30E-01
1.15E-02,4.94E+00,-3.18E-02,6.99E-02
1.16E-02,4.98E+00,-7.20E-02,-3.06E-02
1.16E-02,5.00E+00,-1.32E-01,4.98E-02
1.16E-02,4.86E+00,-1.12E-01,4.98E-02
1.16E-02,5.00E+00,-1.32E-01,2.97E-02
1.17E-02,4.98E+00,-3.18E-02,1.70E-01
1.17E-02,4.96E+00,-5.19E-02,6.99E-02
1.17E-02,4.94E+00,-3.18E-02,1.30E-01
1.17E-02,5.00E+00,-7.20E-02,1.10E-01
1.18E-02,4.94E+00,-1.12E-01,1.30E-01
1.18E-02,4.96E+00,-5.19E-02,9.01E-02
1.18E-02,4.94E+00,4.86E-02,-3.06E-02
1.18E-02,5.00E+00,-9.21E-02,4.98E-02
1.19E-02,4.94E+00,-1.12E-01,9.01E-02
1.19E-02,4.94E+00,-1.12E-01,4.98E-02
1.19E-02,5.02E+00,-1.93E-01,4.98E-02
1.19E-02,5.00E+00,-9.21E-02,4.98E-02
1.20E-02,5.02E+00,-1.12E-01,9.01E-02
1.20E-02,5.02E+00,-1.12E-01,1.10E-01
1.20E-02,4.86E+00,-1.12E-01,4.98E-02
1.20E-02,4.94E+00,-1.12E-01,1.30E-01
1.21E-02,4.90E+00,-1.12E-01,9.65E-03
1.21E-02,4.94E+00,-3.18E-02,4.98E-02
1.21E-02,4.94E+00,-3.18E-02,4.98E-02
1.21E-02,4.90E+00,-3.18E-02,6.99E-02
1.22E-02,4.98E+00,-1.52E-01,4.98E-02
1.22E-02,5.00E+00,-1.12E-01,9.65E-03
1.22E-02,5.02E+00,-1.12E-01,1.30E-01
1.22E-02,4.94E+00,-1.12E-01,4.98E-02
1.23E-02,4.90E+00,-3.18E-02,2.11E-01
1.23E-02,5.02E+00,-1.12E-01,4.29E+00
1.23E-02,4.94E+00,-1.12E-01,4.39E+00
1.23E-02,4.92E+00,-5.19E-02,4.29E+00
1.24E-02,4.94E+00,-1.12E-01,4.23E+00
1.24E-02,5.02E+00,-1.12E-01,4.23E+00
1.24E-02,4.94E+00,-1.12E-01,4.31E+00
1.24E-02,4.94E+00,-3.18E-02,4.31E+00
1.25E-02,4.98E+00,4.71E+00,4.23E+00
1.25E-02,4.94E+00,5.07E+00,4.23E+00
1.25E-02,4.94E+00,5.03E+00,4.23E+00
1.25E-02,4.94E+00,5.03E+00,4.29E+00
1.26E-02,4.90E+00,5.03E+00,4.27E+00
1.26E-02,4.90E+00,4.97E+00,4.17E+00
1.26E-02,5.02E+00,5.03E+00,4.31E+00
1.26E-02,4.94E+00,5.01E+00,4.21E+00
1.27E-02,4.90E+00,4.91E+00,4.27E+00
1.27E-02,4.98E+00,4.95E+00,4.25E+00
1.27E-02,5.02E+00,4.87E+00,4.39E+00
1.27E-02,4.94E+00,4.87E+00,4.17E+00
1.28E-02,4.98E+00,4.91E+00,4.27E+00
1.28E-02,4.96E+00,4.95E+00,4.25E+00
1.28E-02,5.02E+00,4.95E+00,4.31E+00
1.28E-02,4.92E+00,4.97E+00,4.29E+00
1.29E-02,4.94E+00,5.03E+00,4.23E+00
1.29E-02,5.02E+00,4.93E+00,4.17E+00
1.29E-02,5.02E+00,5.03E+00,4.23E+00
1.29E-02,4.94E+00,4.95E+00,4.29E+00
1.30E-02,4.98E+00,4.99E+00,4.27E+00
1.30E-02,4.88E+00,4.95E+00,4.23E+00
1.30E-02,5.02E+00,4.87E+00,4.31E+00
1.30E-02,5.00E+00,4.99E+00,4.21E+00
1.31E-02,4.98E+00,4.95E+00,4.23E+00
1.31E-02,4.98E+00,4.93E+00,4.25E+00
1.31E-02,5.02E+00,5.03E+00,4.23E+00
1.31E-02,4.92E+00,4.95E+00,4.23E+00
1.32E-02,4.98E+00,4.95E+00,4.27E+00
1.32E-02,4.86E+00,4.91E+00,4.23E+00
1.32E-02,4.86E+00,4.87E+00,4.15E+00
1.32E-02,5.02E+00,4.93E+00,4.25E+00
1.33E-02,4.98E+00,4.91E+00,4.19E+00
1.33E-02,4.88E+00,4.91E+00,4.35E+00
1.33E-02,4.94E+00,4.87E+00,4.23E+00
1.33E-02,4.88E+00,4.93E+00,4.25E+00
1.34E-02,4.98E+00,4.99E+00,4.27E+00
1.34E-02,4.94E+00,4.95E+00,4.23E+00
1.34E-02,4.94E+00,4.95E+00,4.23E+00
1.34E-02,4.96E+00,4.95E+00,4.29E+00
1.35E-02,4.94E+00,4.95E+00,4.15E+00
1.35E-02,4.94E+00,4.97E+00,4.27E+00
1.35E-02,4.94E+00,5.11E+00,4.23E+00
1.35E-02,5.00E+00,4.97E+00,4.23E+00
1.36E-02,4.98E+00,4.99E+00,4.27E+00
1.36E-02,4.94E+00,4.93E+00,4.23E+00
1.36E-02,5.02E+00,4.87E+00,4.23E+00
1.36E-02,4.94E+00,4.93E+00,4.29E+00
1.37E-02,4.90E+00,4.91E+00,4.23E+00
1.37E-02,4.86E+00,4.93E+00,4.23E+00
1.37E-02,5.10E+00,4.87E+00,4.23E+00
1.37E-02,4.88E+00,4.87E+00,4.19E+00
1.38E-02,4.90E+00,4.91E+00,4.27E+00
1.38E-02,4.88E+00,4.91E+00,4.29E+00
1.38E-02,4.86E+00,4.95E+00,4.23E+00
1.38E-02,5.00E+00,5.01E+00,4.19E+00
1.39E-02,4.98E+00,4.95E+00,4.27E+00
1.39E-02,4.98E+00,4.89E+00,4.23E+00
1.39E-02,4.94E+00,5.03E+00,4.31E+00
1.39E-02,4.92E+00,4.89E+00,4.23E+00
1.40E-02,4.90E+00,4.95E+00,4.31E+00
1.40E-02,4.96E+00,4.95E+00,4.23E+00
1.40E-02,4.94E+00,5.03E+00,4.23E+00
1.40E-02,5.00E+00,5.01E+00,4.23E+00
1.41E-02,4.86E+00,4.91E+00,4.15E+00
1.41E-02,4.94E+00,4.95E+00,4.33E+00
1.41E-02,4.94E+00,5.03E+00,4.23E+00
1.41E-02,5.00E+00,4.95E+00,4.17E+00
1.42E-02,4.98E+00,4.91E+00,4.23E+00
1.42E-02,4.88E+00,5.09E+00,4.17E+00
1.42E-02,4.86E+00,4.95E+00,4.15E+00
1.42E-02,4.88E+00,4.93E+00,4.23E+00
1.43E-02,4.94E+00,4.91E+00,4.19E+00
1.43E-02,4.94E+00,4.89E+00,4.17E+00
1.43E-02,5.02E+00,4.95E+00,4.23E+00
1.43E-02,4.94E+00,4.99E+00,4.23E+00
1.44E-02,4.94E+00,4.91E+00,4.19E+00
1.44E-02,5.00E+00,4.95E+00,4.23E+00
1.44E-02,5.02E+00,4.87E+00,4.15E+00
1.44E-02,4.96E+00,4.93E+00,4.29E+00
1.45E-02,4.98E+00,4.99E+00,4.23E+00
1.45E-02,5.00E+00,4.95E+00,4.23E+00
1.45E-02,5.02E+00,4.95E+00,4.23E+00
1.45E-02,4.92E+00,4.99E+00,4.23E+00
1.46E-02,4.94E+00,4.95E+00,4.23E+00
1.46E-02,4.94E+00,4.95E+00,4.25E+00
1.46E-02,4.94E+00,4.87E+00,4.15E+00
1.46E-02,4.94E+00,4.87E+00,4.31E+00
1.47E-02,4.94E+00,4.91E+00,4.27E+00
1.47E-02,5.02E+00,4.95E+00,4.29E+00
1.47E-02,4.94E+00,4.95E+00,4.23E+00
1.47E-02,5.02E+00,4.95E+00,4.23E+00
1.48E-02,4.90E+00,4.95E+00,4.27E+00
1.48E-02,4.86E+00,4.93E+00,4.23E+00
1.48E-02,5.02E+00,4.87E+00,-3.06E-02
1.48E-02,4.94E+00,4.85E+00,-7.08E-02
1.49E-02,4.94E+00,4.95E+00,9.01E-02
1.49E-02,4.94E+00,4.95E+00,-1.05E-02
1.49E-02,4.94E+00,4.95E+00,1.30E-01
1.49E-02,4.90E+00,4.97E+00,4.98E-02
1.50E-02,5.02E+00,4.91E+00,9.01E-02
1.50E-02,4.92E+00,-1.12E-01,6.99E-02
1.50E-02,-4.40E-02,-3.18E-02,4.98E-02
1.50E-02,-1.45E-01,-1.52E-01,-1.05E-02
1.51E-02,-2.05E-01,-1.12E-01,4.98E-02
1.51E-02,-1.24E-01,-7.20E-02,2.97E-02
1.51E-02,-1.24E-01,-1.12E-01,1.30E-01
1.51E-02,-1.45E-01,-1.32E-01,1.30E-01
1.52E-02,-1.24E-01,-1.52E-01,9.65E-03
1.52E-02,-1.45E-01,-1.12E-01,6.99E-02
1.52E-02,-2.05E-01,-3.18E-02,4.98E-02
1.52E-02,-1.24E-01,-2.33E-01,-1.05E-02
1.53E-02,-8.42E-02,-7.20E-02,1.30E-01
1.53E-02,-2.05E-01,-1.72E-01,4.98E-02
1.53E-02,-4.40E-02,-1.12E-01,1.30E-01
1.53E-02,-1.24E-01,-5.19E-02,-1.05E-02
1.54E-02,-1.24E-01,-1.12E-01,9.01E-02
1.54E-02,-1.24E-01,-9.21E-02,6.99E-02
1.54E-02,-1.24E-01,-1.12E-01,4.98E-02
1.54E-02,-1.24E-01,-1.72E-01,9.01E-02
1.55E-02,-1.24E-01,-1.52E-01,4.98E-02
1.55E-02,-1.04E-01,-1.12E-01,4.98E-02
1.55E-02,-4.40E-02,-1.12E-01,4.98E-02
1.55E-02,-1.24E-01,-1.32E-01,-3.06E-02
1.56E-02,-1.65E-01,-7.20E-02,9.01E-02
1.56E-02,-3.81E-03,-5.19E-02,6.99E-02
1.56E-02,-2.05E-01,-3.18E-02,4.98E-02
1.56E-02,-8.42E-02,-3.18E-02,4.98E-02
1.57E-02,-8.42E-02,-1.52E-01,1.30E-01
1.57E-02,-1.45E-01,-1.93E-01,1.30E-01
1.57E-02,-1.24E-01,-1.12E-01,4.98E-02
1.57E-02,-1.45E-01,-1.12E-01,1.30E-01
1.58E-02,-1.24E-01,-1.12E-01,9.01E-02
1.58E-02,-1.04E-01,-7.20E-02,1.91E-01
1.58E-02,-1.24E-01,-3.18E-02,4.98E-02
1.58E-02,-1.85E-01,-5.19E-02,9.01E-02
1.59E-02,-4.40E-02,-7.20E-02,4.98E-02
1.59E-02,-4.40E-02,-1.72E-01,4.98E-02
1.59E-02,-2.05E-01,-1.12E-01,-3.06E-02
1.59E-02,-1.24E-01,-1.32E-01,9.01E-02
1.60E-02,-1.24E-01,-1.12E-01,9.01E-02
1.60E-02,-1.85E-01,-1.32E-01,1.30E-01
1.60E-02,-1.24E-01,-3.18E-02,1.30E-01
1.60E-02,-1.85E-01,-1.32E-01,4.98E-02
1.61E-02,-1.24E-01,-7.20E-02,9.01E-02
1.61E-02,-6.41E-02,-5.19E-02,1.30E-01
1.61E-02,-1.24E-01,-1.12E-01,4.98E-02
1.61E-02,-1.45E-01,-1.52E-01,1.70E-01
1.62E-02,-1.24E-01,-1.52E-01,9.01E-02
1.62E-02,-1.24E-01,-1.72E-01,4.98E-02
1.62E-02,-4.40E-02,-1.12E-01,4.98E-02
1.62E-02,-1.04E-01,-5.19E-02,4.98E-02
1.63E-02,-1.24E-01,-1.12E-01,9.01E-02
1.63E-02,-1.24E-01,-1.12E-01,6.99E-02
1.63E-02,-1.24E-01,-1.12E-01,1.30E-01
1.63E-02,-8.42E-02,-5.19E-02,4.98E-02
1.64E-02,-8.42E-02,-1.12E-01,4.98E-02
1.64E-02,-6.41E-02,-1.12E-01,6.99E-02
1.64E-02,-1.24E-01,-1.12E-01,1.30E-01
1.64E-02,-1.04E-01,-1.12E-01,6.99E-02
1.65E-02,-8.42E-02,-1.52E-01,9.65E-03
1.65E-02,-8.42E-02,-3.18E-02,6.99E-02
1.65E-02,-1.24E-01,-1.12E-01,4.98E-02
1.65E-02,-1.04E-01,-7.20E-02,6.99E-02
1.66E-02,-1.24E-01,-1.52E-01,4.98E-02
1.66E-02,-3.81E-03,-5.19E-02,-3.06E-02
1.66E-02,-4.40E-02,-1.12E-01,4.98E-02
1.66E-02,-1.24E-01,-1.17E-02,4.98E-02
1.67E-02,-8.42E-02,-7.20E-02,4.98E-02
1.67E-02,-1.24E-01,-1.12E-01,4.98E-02
1.67E-02,-2.05E-01,-1.12E-01,2.11E-01
1.67E-02,-1.24E-01,-1.12E-01,1.10E-01
1.68E-02,-8.42E-02,-3.18E-02,1.70E-01
1.68E-02,-1.04E-01,-5.19E-02,-3.06E-02
1.68E-02,-1.24E-01,-1.12E-01,1.30E-01
1.68E-02,-1.24E-01,-9.21E-02,1.30E-01
1.69E-02,-1.24E-01,-1.52E-01,9.01E-02
1.69E-02,-1.04E-01,-9.21E-02,9.01E-02
1.69E-02,-2.05E-01,-1.93E-01,4.98E-02
1.69E-02,-2.05E-01,-5.19E-02,1.10E-01
1.70E-02,-1.24E-01,-1.12E-01,1.30E-01
1.70E-02,-1.04E-01,-1.12E-01,2.97E-02
1.70E-02,3.64E-02,-1.12E-01,1.30E-01
1.70E-02,-1.24E-01,-1.12E-01,6.99E-02
1.71E-02,-4.40E-02,-1.12E-01,9.01E-02
1.71E-02,-6.41E-02,-1.12E-01,1.30E-01
1.71E-02,-1.24E-01,-3.18E-02,1.30E-01
1.71E-02,-6.41E-02,-1.12E-01,4.98E-02
1.72E-02,-1.24E-01,-1.12E-01,4.98E-02
1.72E-02,-6.41E-02,-9.21E-02,1.10E-01
1.72E-02,-4.40E-02,-1.12E-01,4.98E-02
1.72E-02,-1.24E-01,-3.18E-02,4.98E-02
1.73E-02,-8.42E-02,-1.93E-01,1.30E-01
1.73E-02,-6.41E-02,-5.19E-02,1.10E-01
1.73E-02,-1.24E-01,-1.93E-01,1.30E-01
1.73E-02,-6.41E-02,-1.32E-01,4.98E-02
1.74E-02,-8.42E-02,-7.20E-02,4.98E-02
1.74E-02,-6.41E-02,-1.52E-01,9.01E-02
1.74E-02,-1.24E-01,-1.12E-01,-3.06E-02
1.74E-02,-1.24E-01,-1.72E-01,1.10E-01
1.75E-02,-1.65E-01,2.42E+00,1.30E-01
1.75E-02,-1.04E-01,4.93E+00,1.50E-01
1.75E-02,-1.24E-01,4.87E+00,4.98E-02
1.75E-02,-6.41E-02,4.93E+00,1.30E-01
1.76E-02,-1.65E-01,4.99E+00,4.98E-02
1.76E-02,-1.24E-01,4.97E+00,1.30E-01
1.76E-02,-4.40E-02,5.03E+00,1.30E-01
1.76E-02,-1.04E-01,5.01E+00,2.97E-02
1.77E-02,-4.40E-02,4.99E+00,4.98E-02
1.77E-02,-8.42E-02,4.97E+00,6.99E-02
1.77E-02,-1.24E-01,4.87E+00,4.98E-02
1.77E-02,-1.04E-01,4.95E+00,1.91E-01
1.78E-02,-8.42E-02,4.91E+00,1.30E-01
1.78E-02,-6.41E-02,4.95E+00,6.99E-02
1.78E-02,-4.40E-02,4.87E+00,1.30E-01
1.78E-02,1.63E-02,4.99E+00,1.10E-01
1.79E-02,-1.24E-01,4.99E+00,9.65E-03
1.79E-02,-1.04E-01,4.91E+00,4.98E-02
1.79E-02,-1.24E-01,4.95E+00,4.98E-02
1.79E-02,-1.04E-01,4.95E+00,1.10E-01
1.80E-02,-8.42E-02,4.95E+00,9.01E-02
1.80E-02,-1.65E-01,4.95E+00,1.10E-01
1.80E-02,-4.40E-02,4.95E+00,4.98E-02
1.80E-02,-1.85E-01,5.03E+00,1.30E-01
1.81E-02,-1.24E-01,5.03E+00,9.65E-03
1.81E-02,-1.24E-01,4.85E+00,6.99E-02
1.81E-02,-1.24E-01,4.95E+00,4.98E-02
1.81E-02,-1.45E-01,4.93E+00,1.10E-01
1.82E-02,-8.42E-02,4.95E+00,9.01E-02
1.82E-02,-1.04E-01,5.01E+00,4.98E-02
1.82E-02,-1.24E-01,5.03E+00,1.30E-01
1.82E-02,-1.04E-01,4.89E+00,1.30E-01
1.83E-02,-1.24E-01,4.99E+00,9.01E-02
1.83E-02,-1.85E-01,4.95E+00,6.99E-02
1.83E-02,3.64E-02,4.95E+00,1.30E-01
1.83E-02,-6.41E-02,4.95E+00,1.10E-01
1.84E-02,-4.40E-02,4.95E+00,1.30E-01
1.84E-02,-1.04E-01,4.93E+00,6.99E-02
1.84E-02,-4.40E-02,4.95E+00,1.30E-01
1.84E-02,-1.04E-01,5.01E+00,4.98E-02
1.85E-02,-8.42E-02,4.87E+00,1.30E-01
1.85E-02,-6.41E-02,4.95E+00,6.99E-02
1.85E-02,-1.24E-01,4.95E+00,1.30E-01
1.85E-02,-6.41E-02,4.95E+00,1.70E-01
1.86E-02,-1.24E-01,4.95E+00,1.30E-01
1.86E-02,-1.24E-01,4.89E+00,1.10E-01
1.86E-02,-1.24E-01,5.03E+00,-3.06E-02
1.86E-02,-1.85E-01,4.95E+00,4.98E-02
1.87E-02,-1.24E-01,4.95E+00,9.01E-02
1.87E-02,-4.40E-02,4.93E+00,1.10E-01
1.87E-02,-1.24E-01,4.95E+00,1.30E-01
1.87E-02,-1.24E-01,4.95E+00,4.98E-02
1.88E-02,-1.24E-01,4.99E+00,1.30E-01
1.88E-02,-8.42E-02,4.95E+00,6.99E-02
1.88E-02,-2.05E-01,4.87E+00,1.30E-01
1.88E-02,-1.85E-01,5.03E+00,1.10E-01
1.89E-02,-8.42E-02,4.99E+00,1.30E-01
1.89E-02,-6.41E-02,4.93E+00,4.98E-02
1.89E-02,-1.24E-01,4.95E+00,1.30E-01
1.89E-02,-1.85E-01,4.93E+00,1.10E-01
1.90E-02,-1.24E-01,4.99E+00,4.98E-02
1.90E-02,-1.04E-01,4.97E+00,1.10E-01
1.90E-02,-1.24E-01,4.95E+00,4.98E-02
1.90E-02,-8.42E-02,4.95E+00,1.30E-01
1.91E-02,-8.42E-02,4.95E+00,1.30E-01
1.91E-02,-4.40E-02,4.95E+00,4.98E-02
1.91E-02,-1.24E-01,4.87E+00,4.98E-02
1.91E-02,-6.41E-02,4.89E+00,1.10E-01
1.92E-02,-8.42E-02,4.95E+00,9.01E-02
1.92E-02,-6.41E-02,4.87E+00,9.01E-02
1.92E-02,-4.40E-02,4.95E+00,1.30E-01
1.92E-02,-4.40E-02,4.91E+00,6.99E-02
1.93E-02,-4.40E-02,4.95E+00,9.65E-03
1.93E-02,-1.24E-01,4.89E+00,6.99E-02
1.93E-02,-1.24E-01,4.95E+00,4.98E-02
1.93E-02,-6.41E-02,4.95E+00,1.10E-01
1.94E-02,-4.40E-02,4.99E+00,4.98E-02
1.94E-02,-6.41E-02,4.93E+00,1.10E-01
1.94E-02,3.64E-02,4.95E+00,4.98E-02
1.94E-02,-6.41E-02,4.99E+00,1.10E-01
1.95E-02,-8.42E-02,4.91E+00,9.01E-02
1.95E-02,-4.40E-02,5.03E+00,6.99E-02
1.95E-02,-1.24E-01,4.87E+00,4.98E-02
1.95E-02,-4.40E-02,4.95E+00,1.30E-01
1.96E-02,-4.40E-02,4.91E+00,9.01E-02
1.96E-02,-8.42E-02,4.95E+00,4.98E-02
1.96E-02,-4.40E-02,5.03E+00,1.30E-01
1.96E-02,-4.40E-02,5.01E+00,9.01E-02
1.97E-02,-1.24E-01,4.91E+00,9.01E-02
1.97E-02,-4.40E-02,4.89E+00,6.99E-02
1.97E-02,-1.24E-01,4.95E+00,4.98E-02
1.97E-02,-6.41E-02,4.95E+00,1.50E-01
1.98E-02,-8.42E-02,4.95E+00,9.01E-02
1.98E-02,-1.24E-01,4.91E+00,1.30E-01
1.98E-02,-1.24E-01,4.87E+00,1.30E-01
1.98E-02,-4.40E-02,4.91E+00,1.10E-01
1.99E-02,-1.24E-01,4.91E+00,4.98E-02
1.99E-02,-4.40E-02,4.97E+00,9.01E-02
1.99E-02,-1.24E-01,4.95E+00,1.30E-01
1.99E-02,-1.65E-01,4.97E+00,1.10E-01
2.00E-02,-4.40E-02,4.91E+00,9.01E-02
2.00E-02,-1.04E-01,-2.33E-01,4.98E-02
2.00E-02,4.94E+00,-1.12E-01,-3.06E-02
2.00E-02,5.00E+00,-1.12E-01,9.01E-02
2.01E-02,4.94E+00,-7.20E-02,9.65E-03
2.01E-02,5.00E+00,-1.32E-01,4.98E-02
2.01E-02,4.94E+00,-1.12E-01,1.30E-01
2.01E-02,4.94E+00,-1.12E-01,6.99E-02
2.02E-02,4.94E+00,-1.12E-01,2.11E-01
2.02E-02,4.96E+00,-9.21E-02,4.98E-02
2.02E-02,4.94E+00,-1.12E-01,1.30E-01
2.02E-02,4.94E+00,-2.33E-01,-1.05E-02
2.03E-02,4.98E+00,-1.12E-01,4.98E-02
2.03E-02,4.98E+00,-9.21E-02,6.99E-02
2.03E-02,4.94E+00,-1.93E-01,4.98E-02
2.03E-02,4.92E+00,-3.18E-02,4.98E-02
2.04E-02,4.90E+00,-1.52E-01,4.98E-02
2.04E-02,4.94E+00,-7.20E-02,2.97E-02
2.04E-02,4.94E+00,-3.18E-02,-3.06E-02
2.04E-02,5.00E+00,-9.21E-02,2.97E-02
2.05E-02,5.02E+00,-1.12E-01,4.98E-02
2.05E-02,5.00E+00,-9.21E-02,1.50E-01
2.05E-02,4.94E+00,-1.12E-01,4.98E-02
2.05E-02,4.94E+00,-9.21E-02,1.10E-01
2.06E-02,4.98E+00,-1.12E-01,1.30E-01
2.06E-02,5.00E+00,-1.32E-01,2.97E-02
2.06E-02,4.86E+00,-3.18E-02,4.98E-02
2.06E-02,4.94E+00,-1.32E-01,1.10E-01
2.07E-02,4.94E+00,-1.12E-01,1.30E-01
2.07E-02,4.88E+00,-7.20E-02,4.98E-02
2.07E-02,4.94E+00,-1.12E-01,4.98E-02
2.07E-02,5.02E+00,-1.12E-01,4.98E-02
2.08E-02,4.98E+00,-1.93E-01,9.65E-03
2.08E-02,4.88E+00,-1.72E-01,4.98E-02
2.08E-02,5.02E+00,-1.12E-01,-3.06E-02
2.08E-02,4.94E+00,-5.19E-02,2.97E-02
2.09E-02,5.02E+00,-1.12E-01,9.01E-02
2.09E-02,5.06E+00,-1.72E-01,1.10E-01
2.09E-02,4.94E+00,-1.12E-01,4.98E-02
2.09E-02,5.00E+00,-1.93E-01,1.30E-01
2.10E-02,4.98E+00,-7.20E-02,9.01E-02
2.10E-02,4.94E+00,-7.20E-02,1.70E-01
2.10E-02,4.94E+00,-3.18E-02,4.98E-02
2.10E-02,4.96E+00,-7.20E-02,4.98E-02
2.11E-02,4.98E+00,-7.20E-02,9.01E-02
2.11E-02,4.96E+00,-9.21E-02,4.98E-02
2.11E-02,4.94E+00,-3.18E-02,4.98E-02
2.11E-02,4.96E+00,-1.12E-01,1.10E-01
2.12E-02,4.98E+00,-1.12E-01,4.98E-02
2.12E-02,4.90E+00,-1.12E-01,1.10E-01
2.12E-02,5.02E+00,-3.18E-02,2.11E-01
2.12E-02,4.92E+00,-9.21E-02,6.99E-02
2.13E-02,4.94E+00,-1.12E-01,1.30E-01
2.13E-02,4.98E+00,-1.12E-01,4.98E-02
2.13E-02,4.94E+00,-1.12E-01,-3.06E-02
2.13E-02,4.96E+00,-3.18E-02,9.01E-02
2.14E-02,4.94E+00,-1.12E-01,4.98E-02
2.14E-02,4.94E+00,-1.72E-01,9.65E-03
2.14E-02,4.86E+00,-1.12E-01,1.30E-01
2.14E-02,4.94E+00,-1.32E-01,1.10E-01
2.15E-02,4.98E+00,-1.12E-01,4.98E-02
2.15E-02,4.94E+00,-9.21E-02,6.99E-02
2.15E-02,5.02E+00,-2.73E-01,1.30E-01
2.15E-02,4.94E+00,-9.21E-02,4.98E-02
2.16E-02,5.02E+00,-1.52E-01,1.30E-01
2.16E-02,5.04E+00,-1.12E-01,9.01E-02
2.16E-02,5.02E+00,-3.18E-02,1.30E-01
2.16E-02,5.00E+00,-1.12E-01,9.65E-03
2.17E-02,4.94E+00,-7.20E-02,9.65E-03
2.17E-02,5.10E+00,-5.19E-02,6.99E-02
2.17E-02,4.94E+00,-1.12E-01,2.11E-01
2.17E-02,4.94E+00,-1.12E-01,1.70E-01
2.18E-02,4.98E+00,-1.12E-01,4.98E-02
2.18E-02,5.08E+00,-5.19E-02,4.98E-02
2.18E-02,4.94E+00,-1.12E-01,1.30E-01
2.18E-02,4.88E+00,-1.12E-01,4.98E-02
2.19E-02,4.94E+00,-7.20E-02,-3.06E-02
2.19E-02,4.96E+00,-9.21E-02,2.97E-02
2.19E-02,4.94E+00,-3.18E-02,1.30E-01
2.19E-02,4.94E+00,-3.18E-02,9.65E-03
2.20E-02,4.94E+00,-1.12E-01,1.30E-01
2.20E-02,4.94E+00,-3.18E-02,4.98E-02
2.20E-02,4.86E+00,-1.12E-01,1.30E-01
2.20E-02,4.94E+00,-5.19E-02,1.10E-01
2.21E-02,4.90E+00,-7.20E-02,1.30E-01
2.21E-02,4.92E+00,-1.12E-01,1.10E-01
2.21E-02,5.02E+00,-3.18E-02,4.98E-02
2.21E-02,4.92E+00,-9.21E-02,6.99E-02
2.22E-02,5.02E+00,-1.12E-01,4.98E-02
2.22E-02,4.88E+00,-1.12E-01,6.99E-02
2.22E-02,4.94E+00,-1.12E-01,4.98E-02
2.22E-02,5.00E+00,-3.18E-02,-1.05E-02
2.23E-02,4.98E+00,8.44E-03,4.98E-02
2.23E-02,5.00E+00,-1.12E-01,4.31E+00
2.23E-02,4.94E+00,-1.12E-01,4.31E+00
2.23E-02,4.94E+00,-5.19E-02,4.25E+00
2.24E-02,4.98E+00,-1.52E-01,4.23E+00
2.24E-02,4.88E+00,-5.19E-02,4.23E+00
2.24E-02,4.94E+00,-1.12E-01,4.23E+00
2.24E-02,4.94E+00,-5.19E-02,4.31E+00
2.25E-02,5.06E+00,2.46E+00,4.19E+00
2.25E-02,4.90E+00,5.01E+00,4.31E+00
2.25E-02,4.86E+00,4.95E+00,4.23E+00
2.25E-02,5.00E+00,4.89E+00,4.31E+00
2.26E-02,4.98E+00,4.99E+00,4.35E+00
2.26E-02,4.94E+00,4.95E+00,4.33E+00
2.26E-02,4.94E+00,5.03E+00,4.23E+00
2.26E-02,4.92E+00,5.01E+00,4.29E+00
2.27E-02,4.98E+00,4.99E+00,4.27E+00
2.27E-02,4.96E+00,4.93E+00,4.29E+00
2.27E-02,4.94E+00,5.03E+00,4.31E+00
2.27E-02,5.00E+00,4.97E+00,4.29E+00
2.28E-02,5.02E+00,4.95E+00,4.23E+00
2.28E-02,4.88E+00,4.95E+00,4.19E+00
2.28E-02,4.94E+00,4.95E+00,4.39E+00
2.28E-02,4.96E+00,5.01E+00,4.25E+00
2.29E-02,4.90E+00,4.95E+00,4.27E+00
2.29E-02,5.00E+00,4.95E+00,4.23E+00
2.29E-02,4.94E+00,5.03E+00,4.23E+00
2.29E-02,5.00E+00,4.93E+00,4.25E+00
2.30E-02,5.02E+00,4.95E+00,4.23E+00
2.30E-02,5.00E+00,5.03E+00,4.31E+00
2.30E-02,4.94E+00,4.95E+00,4.23E+00
2.30E-02,4.88E+00,5.03E+00,4.33E+00
2.31E-02,4.90E+00,4.91E+00,4.27E+00
2.31E-02,4.94E+00,4.95E+00,4.29E+00
2.31E-02,5.02E+00,4.95E+00,4.23E+00
2.31E-02,4.96E+00,4.97E+00,4.25E+00
2.32E-02,4.94E+00,4.91E+00,4.23E+00
2.32E-02,4.88E+00,4.93E+00,4.31E+00
2.32E-02,4.94E+00,4.95E+00,4.23E+00
2.32E-02,4.94E+00,5.01E+00,4.29E+00
2.33E-02,4.98E+00,4.95E+00,4.19E+00
2.33E-02,4.94E+00,5.01E+00,4.17E+00
2.33E-02,4.94E+00,4.95E+00,4.31E+00
2.33E-02,4.90E+00,5.01E+00,4.15E+00
2.34E-02,4.86E+00,4.91E+00,4.27E+00
2.34E-02,4.88E+00,4.95E+00,4.23E+00
2.34E-02,5.02E+00,4.95E+00,4.23E+00
2.34E-02,5.00E+00,5.03E+00,4.27E+00
2.35E-02,4.94E+00,5.03E+00,4.27E+00
2.35E-02,5.00E+00,4.97E+00,4.29E+00
2.35E-02,4.94E+00,4.95E+00,4.15E+00
2.35E-02,4.88E+00,4.95E+00,4.25E+00
2.36E-02,4.94E+00,4.95E+00,4.23E+00
2.36E-02,4.96E+00,5.01E+00,4.11E+00
2.36E-02,5.02E+00,5.03E+00,4.23E+00
2.36E-02,4.98E+00,4.97E+00,4.25E+00
2.37E-02,4.94E+00,4.95E+00,4.23E+00
2.37E-02,4.98E+00,4.93E+00,4.27E+00
2.37E-02,4.94E+00,4.95E+00,4.23E+00
2.37E-02,5.00E+00,4.95E+00,4.23E+00
2.38E-02,4.98E+00,4.95E+00,4.31E+00
2.38E-02,4.88E+00,4.95E+00,4.27E+00
2.38E-02,4.94E+00,5.03E+00,4.23E+00
2.38E-02,5.02E+00,4.95E+00,4.23E+00
2.39E-02,4.94E+00,4.99E+00,4.19E+00
2.39E-02,4.98E+00,4.95E+00,4.23E+00
2.39E-02,4.86E+00,4.95E+00,4.31E+00
2.39E-02,4.94E+00,4.89E+00,4.23E+00
2.40E-02,4.94E+00,4.99E+00,4.23E+00
2.40E-02,5.02E+00,4.99E+00,4.31E+00
2.40E-02,4.94E+00,4.95E+00,4.23E+00
2.40E-02,4.88E+00,5.01E+00,4.23E+00
2.41E-02,4.94E+00,4.91E+00,4.27E+00
2.41E-02,4.98E+00,4.95E+00,4.23E+00
2.41E-02,5.02E+00,4.79E+00,4.23E+00
2.41E-02,4.98E+00,5.01E+00,4.17E+00
2.42E-02,4.98E+00,4.95E+00,4.27E+00
2.42E-02,4.96E+00,5.03E+00,4.23E+00
2.42E-02,4.86E+00,5.03E+00,4.31E+00
2.42E-02,4.92E+00,4.97E+00,4.31E+00
2.43E-02,4.98E+00,4.95E+00,4.23E+00
2.43E-02,4.94E+00,4.95E+00,4.29E+00
2.43E-02,4.86E+00,4.87E+00,4.23E+00
2.43E-02,4.88E+00,4.95E+00,4.23E+00
2.44E-02,4.94E+00,4.95E+00,4.23E+00
2.44E-02,5.06E+00,4.93E+00,4.27E+00
2.44E-02,5.02E+00,4.87E+00,4.31E+00
2.44E-02,4.94E+00,5.03E+00,4.23E+00
2.45E-02,5.02E+00,4.99E+00,4.31E+00
2.45E-02,5.02E+00,4.95E+00,4.15E+00
2.45E-02,5.02E+00,4.95E+00,4.31E+00
2.45E-02,4.88E+00,5.01E+00,4.23E+00
2.46E-02,4.94E+00,4.99E+00,4.19E+00
2.46E-02,4.92E+00,4.95E+00,4.23E+00
2.46E-02,4.94E+00,4.87E+00,4.23E+00
2.46E-02,5.02E+00,4.95E+00,4.25E+00
2.47E-02,4.98E+00,4.91E+00,4.19E+00
2.47E-02,4.94E+00,4.95E+00,4.29E+00
2.47E-02,4.94E+00,4.95E+00,4.15E+00
2.47E-02,4.94E+00,4.95E+00,4.25E+00
2.48E-02,4.90E+00,5.03E+00,4.23E+00
2.48E-02,4.94E+00,4.99E+00,4.23E+00
2.48E-02,4.94E+00,4.95E+00,4.98E-02
2.48E-02,4.92E+00,4.95E+00,-1.05E-02
2.49E-02,4.90E+00,4.95E+00,9.01E-02
2.49E-02,4.96E+00,4.89E+00,6.99E-02
2.49E-02,5.02E+00,4.95E+00,-3.06E-02
2.49E-02,4.86E+00,4.91E+00,4.98E-02
2.50E-02,4.98E+00,4.91E+00,9.01E-02
2.50E-02,4.88E+00,-9.21E-02,6.99E-02
